c SaDiCaL SAT Solver
c Copyright (C) 2018 by Armin Biere JKU
c
c Version 00n 47bff7ef874226b4a00ebd20fedf88eb7c4a3a39
c Compiler gcc (Ubuntu 11.4.0-1ubuntu1~22.04) 11.4.0
c Options gcc -Wall -O3 -DNDEBUG -DNLOG
c proof path '/mnt/d/PvsNP/phase4/results/proofs_sadical/F3/php_41_40.sadical.dpr'
c
c non default options:
c
c --binary=false
c --force=true
c --witness=false
c
c parsing '/mnt/d/PvsNP/phase4/instances/f3/php_41_40.cnf'
c found 'p cnf 1640 32841' header
c parsed DIMACS in 0.15 seconds
c 
c
c   time      reduced redundant irredundant
c       space  restarts  glue        variables
c           level conflicts  size        remaining
c
c s 0.97 3.6 1.0 0 0 39 0 2.0 2.0 32801 1639 100%
c s 1.83 3.6 1.0 0 0 78 0 2.0 2.0 32762 1638 100%
c s 2.83 3.6 1.0 0 0 117 0 2.0 2.0 32724 1637 100%
c s 3.83 3.6 1.0 0 0 156 0 2.0 2.0 32687 1636 100%
c s 4.78 3.6 1.0 0 0 195 0 2.0 2.0 32651 1635 100%
c s 5.74 3.6 1.0 0 0 234 0 2.0 2.0 32616 1634 100%
c s 6.67 3.6 1.0 0 0 273 0 2.0 2.0 32582 1633 100%
c s 7.60 3.6 1.0 0 0 312 0 2.0 2.0 32549 1632 100%
c s 8.54 3.6 1.0 0 0 351 0 2.0 2.0 32517 1631 99%
c s 9.38 3.6 1.0 0 0 390 0 2.0 2.0 32486 1630 99%
c s 10.34 3.6 1.0 0 0 429 0 2.0 2.0 32456 1629 99%
c s 11.41 3.6 1.0 0 0 468 0 2.0 2.0 32427 1628 99%
c s 12.56 3.6 1.0 0 0 507 0 2.0 2.0 32399 1627 99%
c s 13.83 3.6 1.0 0 0 546 0 2.0 2.0 32372 1626 99%
c s 15.01 3.6 1.0 0 0 585 0 2.0 2.0 32346 1625 99%
c s 15.98 3.6 1.0 0 0 624 0 2.0 2.0 32321 1624 99%
c s 17.03 3.6 1.0 0 0 663 0 2.0 2.0 32297 1623 99%
c s 18.09 3.6 1.0 0 0 702 0 2.0 2.0 32274 1622 99%
c s 18.89 3.6 1.0 0 0 741 0 2.0 2.0 32252 1621 99%
c s 19.75 3.6 1.0 0 0 780 0 2.0 2.0 32231 1620 99%
c
c    time      reduced redundant irredundant
c        space  restarts   glue        variables
c            level conflicts   size       remaining
c
c s 20.74 3.6 1.0 0 0 819 0 2.0 2.0 32211 1619 99%
c s 21.74 3.6 1.0 0 0 858 0 2.0 2.0 32192 1618 99%
c s 22.75 3.6 1.0 0 0 897 0 2.0 2.0 32174 1617 99%
c s 23.60 3.6 1.0 0 0 936 0 2.0 2.0 32157 1616 99%
c s 24.57 3.6 1.0 0 0 975 0 2.0 2.0 32141 1615 98%
c s 25.54 3.6 1.0 0 0 1014 0 2.0 2.0 32126 1614 98%
c s 26.68 3.6 1.0 0 0 1053 0 2.0 2.0 32112 1613 98%
c s 27.74 3.6 1.0 0 0 1092 0 2.0 2.0 32099 1612 98%
c s 28.79 3.6 1.0 0 0 1131 0 2.0 2.0 32087 1611 98%
c s 29.87 3.6 1.0 0 0 1170 0 2.0 2.0 32076 1610 98%
c s 30.90 3.6 1.0 0 0 1209 0 2.0 2.0 32066 1609 98%
c s 31.91 3.6 1.0 0 0 1248 0 2.0 2.0 32057 1608 98%
c s 32.84 3.6 1.0 0 0 1287 0 2.0 2.0 32049 1607 98%
c s 33.74 3.6 1.0 0 0 1326 0 2.0 2.0 32042 1606 98%
c s 34.69 3.6 1.0 0 0 1365 0 2.0 2.0 32036 1605 98%
c s 35.60 3.6 1.0 0 0 1404 0 2.0 2.0 32031 1604 98%
c s 36.61 3.6 1.0 0 0 1443 0 2.0 2.0 32027 1603 98%
c s 37.53 3.6 1.0 0 0 1482 0 2.0 2.0 32024 1602 98%
c s 38.45 3.6 1.0 0 0 1521 0 2.0 2.0 32022 1601 98%
c s 39.42 3.6 1.0 0 0 1560 0 2.0 2.0 32021 1600 98%
c
c    time      reduced redundant  irredundant
c        space  restarts    glue        variables
c            level conflicts    size       remaining
c
c s 39.42 3.6 1.0 0 0 1560 0 2.0 2.0 32020 1599 98%
c s 39.43 3.6 1.0 0 0 1560 0 2.0 2.0 31980 1598 97%
c s 39.43 3.6 1.0 0 0 1560 0 2.0 2.0 31940 1597 97%
c s 39.44 3.6 1.0 0 0 1560 0 2.0 2.0 31900 1596 97%
c s 39.45 3.6 1.0 0 0 1560 0 2.0 2.0 31860 1595 97%
c s 39.45 3.6 1.0 0 0 1560 0 2.0 2.0 31820 1594 97%
c s 39.46 3.6 1.0 0 0 1560 0 2.0 2.0 31780 1593 97%
c s 39.46 3.6 1.0 0 0 1560 0 2.0 2.0 31740 1592 97%
c s 39.47 3.6 1.0 0 0 1560 0 2.0 2.0 31700 1591 97%
c s 39.48 3.6 1.0 0 0 1560 0 2.0 2.0 31660 1590 97%
c s 39.48 3.6 1.0 0 0 1560 0 2.0 2.0 31620 1589 97%
c s 39.49 3.6 1.0 0 0 1560 0 2.0 2.0 31580 1588 97%
c s 39.49 3.6 1.0 0 0 1560 0 2.0 2.0 31540 1587 97%
c s 39.50 3.6 1.0 0 0 1560 0 2.0 2.0 31500 1586 97%
c s 39.50 3.6 1.0 0 0 1560 0 2.0 2.0 31460 1585 97%
c s 39.51 3.6 1.0 0 0 1560 0 2.0 2.0 31420 1584 97%
c s 39.51 3.6 1.0 0 0 1560 0 2.0 2.0 31380 1583 97%
c s 39.52 3.6 1.0 0 0 1560 0 2.0 2.0 31340 1582 96%
c s 39.53 3.6 1.0 0 0 1560 0 2.0 2.0 31300 1581 96%
c s 39.53 3.6 1.0 0 0 1560 0 2.0 2.0 31260 1580 96%
c
c    time      reduced redundant  irredundant
c        space  restarts    glue        variables
c            level conflicts    size       remaining
c
c s 39.53 3.6 1.0 0 0 1560 0 2.0 2.0 31220 1579 96%
c s 39.54 3.6 1.0 0 0 1560 0 2.0 2.0 31180 1578 96%
c s 39.54 3.6 1.0 0 0 1560 0 2.0 2.0 31140 1577 96%
c s 39.55 3.6 1.0 0 0 1560 0 2.0 2.0 31100 1576 96%
c s 39.55 3.6 1.0 0 0 1560 0 2.0 2.0 31060 1575 96%
c s 39.56 3.6 1.0 0 0 1560 0 2.0 2.0 31020 1574 96%
c s 39.56 3.6 1.0 0 0 1560 0 2.0 2.0 30980 1573 96%
c s 39.57 3.6 1.0 0 0 1560 0 2.0 2.0 30940 1572 96%
c s 39.57 3.6 1.0 0 0 1560 0 2.0 2.0 30900 1571 96%
c s 39.58 3.6 1.0 0 0 1560 0 2.0 2.0 30860 1570 96%
c s 39.58 3.6 1.0 0 0 1560 0 2.0 2.0 30820 1569 96%
c s 39.58 3.6 1.0 0 0 1560 0 2.0 2.0 30780 1568 96%
c s 39.59 3.6 1.0 0 0 1560 0 2.0 2.0 30740 1567 96%
c s 39.59 3.6 1.0 0 0 1560 0 2.0 2.0 30700 1566 95%
c s 39.60 3.6 1.0 0 0 1560 0 2.0 2.0 30660 1565 95%
c s 39.60 3.6 1.0 0 0 1560 0 2.0 2.0 30620 1564 95%
c s 39.61 3.6 1.0 0 0 1560 0 2.0 2.0 30580 1563 95%
c s 39.61 3.6 1.0 0 0 1560 0 2.0 2.0 30540 1562 95%
c s 39.62 3.6 1.0 0 0 1560 0 2.0 2.0 30500 1561 95%
c s 39.63 3.6 1.0 0 0 1560 0 2.0 2.0 30460 1560 95%
c
c    time      reduced redundant  irredundant
c        space  restarts    glue        variables
c            level conflicts    size       remaining
c
c s 40.44 3.6 1.0 0 0 1598 0 2.0 2.0 30421 1559 95%
c s 41.30 3.6 1.0 0 0 1636 0 2.0 2.0 30383 1558 95%
c s 42.10 3.6 1.0 0 0 1674 0 2.0 2.0 30346 1557 95%
c s 42.97 3.6 1.0 0 0 1712 0 2.0 2.0 30310 1556 95%
c s 44.01 3.6 1.0 0 0 1750 0 2.0 2.0 30275 1555 95%
c s 45.07 3.6 1.0 0 0 1788 0 2.0 2.0 30241 1554 95%
c s 46.04 3.6 1.0 0 0 1826 0 2.0 2.0 30208 1553 95%
c s 46.99 3.6 1.0 0 0 1864 0 2.0 2.0 30176 1552 95%
c s 47.86 3.6 1.0 0 0 1902 0 2.0 2.0 30145 1551 95%
c s 48.82 3.6 1.0 0 0 1940 0 2.0 2.0 30115 1550 95%
c s 49.75 3.6 1.0 0 0 1978 0 2.0 2.0 30086 1549 94%
c - 50.09 3.6 1.0 1 0 2001 23 2.0 2.0 30086 1549 94%
c s 50.75 3.6 1.0 1 0 2016 0 2.0 2.0 30058 1548 94%
c s 51.75 3.6 1.0 1 0 2054 0 2.0 2.0 30031 1547 94%
c s 52.70 3.6 1.0 1 0 2092 0 2.0 2.0 30005 1546 94%
c s 53.68 3.6 1.0 1 0 2130 0 2.0 2.0 29980 1545 94%
c s 54.63 3.6 1.0 1 0 2168 0 2.0 2.0 29956 1544 94%
c s 55.59 3.6 1.0 1 0 2206 0 2.0 2.0 29933 1543 94%
c s 56.69 3.6 1.0 1 0 2244 0 2.0 2.0 29911 1542 94%
c s 57.71 3.6 1.0 1 0 2282 0 2.0 2.0 29890 1541 94%
c
c    time      reduced redundant  irredundant
c        space  restarts    glue        variables
c            level conflicts    size       remaining
c
c s 58.75 3.6 1.0 1 0 2320 0 2.0 2.0 29870 1540 94%
c s 59.67 3.6 1.0 1 0 2358 0 2.0 2.0 29851 1539 94%
c s 60.60 3.6 1.0 1 0 2396 0 2.0 2.0 29833 1538 94%
c s 61.57 3.6 1.0 1 0 2434 0 2.0 2.0 29816 1537 94%
c s 62.61 3.6 1.0 1 0 2472 0 2.0 2.0 29800 1536 94%
c s 63.60 3.6 1.0 1 0 2510 0 2.0 2.0 29785 1535 94%
c s 64.50 3.6 1.0 1 0 2548 0 2.0 2.0 29771 1534 94%
c s 65.44 3.6 1.0 1 0 2586 0 2.0 2.0 29758 1533 93%
c s 66.33 3.6 1.0 1 0 2624 0 2.0 2.0 29746 1532 93%
c s 67.23 3.6 1.0 1 0 2662 0 2.0 2.0 29735 1531 93%
c s 68.23 3.6 1.0 1 0 2700 0 2.0 2.0 29725 1530 93%
c s 69.15 3.6 1.0 1 0 2738 0 2.0 2.0 29716 1529 93%
c s 70.03 3.6 1.0 1 0 2776 0 2.0 2.0 29708 1528 93%
c s 70.97 3.6 1.0 1 0 2814 0 2.0 2.0 29701 1527 93%
c s 71.84 3.6 1.0 1 0 2852 0 2.0 2.0 29695 1526 93%
c s 72.77 3.6 1.0 1 0 2890 0 2.0 2.0 29690 1525 93%
c s 73.79 3.6 1.0 1 0 2928 0 2.0 2.0 29686 1524 93%
c s 74.74 3.6 1.0 1 0 2966 0 2.0 2.0 29683 1523 93%
c s 75.76 3.6 1.0 1 0 3004 0 2.0 2.0 29681 1522 93%
c s 76.76 3.6 1.0 1 0 3042 0 2.0 2.0 29680 1521 93%
c
c    time      reduced redundant  irredundant
c        space  restarts    glue        variables
c            level conflicts    size       remaining
c
c s 76.76 3.6 1.0 1 0 3042 0 2.0 2.0 29679 1520 93%
c s 76.77 3.6 1.0 1 0 3042 0 2.0 2.0 29640 1519 93%
c s 76.78 3.6 1.0 1 0 3042 0 2.0 2.0 29601 1518 93%
c s 76.78 3.6 1.0 1 0 3042 0 2.0 2.0 29562 1517 92%
c s 76.78 3.6 1.0 1 0 3042 0 2.0 2.0 29523 1516 92%
c s 76.79 3.6 1.0 1 0 3042 0 2.0 2.0 29484 1515 92%
c s 76.80 3.6 1.0 1 0 3042 0 2.0 2.0 29445 1514 92%
c s 76.80 3.6 1.0 1 0 3042 0 2.0 2.0 29406 1513 92%
c s 76.80 3.6 1.0 1 0 3042 0 2.0 2.0 29367 1512 92%
c s 76.81 3.6 1.0 1 0 3042 0 2.0 2.0 29328 1511 92%
c s 76.81 3.6 1.0 1 0 3042 0 2.0 2.0 29289 1510 92%
c s 76.82 3.6 1.0 1 0 3042 0 2.0 2.0 29250 1509 92%
c s 76.82 3.6 1.0 1 0 3042 0 2.0 2.0 29211 1508 92%
c s 76.83 3.6 1.0 1 0 3042 0 2.0 2.0 29172 1507 92%
c s 76.83 3.6 1.0 1 0 3042 0 2.0 2.0 29133 1506 92%
c s 76.84 3.6 1.0 1 0 3042 0 2.0 2.0 29094 1505 92%
c s 76.85 3.6 1.0 1 0 3042 0 2.0 2.0 29055 1504 92%
c s 76.85 3.6 1.0 1 0 3042 0 2.0 2.0 29016 1503 92%
c s 76.86 3.6 1.0 1 0 3042 0 2.0 2.0 28977 1502 92%
c s 76.86 3.6 1.0 1 0 3042 0 2.0 2.0 28938 1501 92%
c
c    time      reduced redundant  irredundant
c        space  restarts    glue        variables
c            level conflicts    size       remaining
c
c s 76.86 3.6 1.0 1 0 3042 0 2.0 2.0 28899 1500 91%
c s 76.87 3.6 1.0 1 0 3042 0 2.0 2.0 28860 1499 91%
c s 76.87 3.6 1.0 1 0 3042 0 2.0 2.0 28821 1498 91%
c s 76.88 3.6 1.0 1 0 3042 0 2.0 2.0 28782 1497 91%
c s 76.88 3.6 1.0 1 0 3042 0 2.0 2.0 28743 1496 91%
c s 76.88 3.6 1.0 1 0 3042 0 2.0 2.0 28704 1495 91%
c s 76.89 3.6 1.0 1 0 3042 0 2.0 2.0 28665 1494 91%
c s 76.89 3.6 1.0 1 0 3042 0 2.0 2.0 28626 1493 91%
c s 76.90 3.6 1.0 1 0 3042 0 2.0 2.0 28587 1492 91%
c s 76.90 3.6 1.0 1 0 3042 0 2.0 2.0 28548 1491 91%
c s 76.91 3.6 1.0 1 0 3042 0 2.0 2.0 28509 1490 91%
c s 76.91 3.6 1.0 1 0 3042 0 2.0 2.0 28470 1489 91%
c s 76.92 3.6 1.0 1 0 3042 0 2.0 2.0 28431 1488 91%
c s 76.92 3.6 1.0 1 0 3042 0 2.0 2.0 28392 1487 91%
c s 76.93 3.6 1.0 1 0 3042 0 2.0 2.0 28353 1486 91%
c s 76.93 3.6 1.0 1 0 3042 0 2.0 2.0 28314 1485 91%
c s 76.94 3.6 1.0 1 0 3042 0 2.0 2.0 28275 1484 90%
c s 76.95 3.6 1.0 1 0 3042 0 2.0 2.0 28236 1483 90%
c s 76.95 3.6 1.0 1 0 3042 0 2.0 2.0 28197 1482 90%
c s 77.81 3.6 1.0 1 0 3079 0 2.0 2.0 28159 1481 90%
c
c    time      reduced redundant  irredundant
c        space  restarts    glue        variables
c            level conflicts    size       remaining
c
c s 78.62 3.6 1.0 1 0 3116 0 2.0 2.0 28122 1480 90%
c s 79.47 3.6 1.0 1 0 3153 0 2.0 2.0 28086 1479 90%
c s 80.36 3.6 1.0 1 0 3190 0 2.0 2.0 28051 1478 90%
c s 81.24 3.6 1.0 1 0 3227 0 2.0 2.0 28017 1477 90%
c s 82.11 3.6 1.0 1 0 3264 0 2.0 2.0 27984 1476 90%
c s 82.93 3.6 1.0 1 0 3301 0 2.0 2.0 27952 1475 90%
c s 83.70 3.6 1.0 1 0 3338 0 2.0 2.0 27921 1474 90%
c s 84.50 3.6 1.0 1 0 3375 0 2.0 2.0 27891 1473 90%
c s 85.28 3.6 1.0 1 0 3412 0 2.0 2.0 27862 1472 90%
c s 86.02 3.6 1.0 1 0 3449 0 2.0 2.0 27834 1471 90%
c s 86.80 3.6 1.0 1 0 3486 0 2.0 2.0 27807 1470 90%
c s 87.65 3.6 1.0 1 0 3523 0 2.0 2.0 27781 1469 90%
c s 88.42 3.6 1.0 1 0 3560 0 2.0 2.0 27756 1468 90%
c s 89.18 3.6 1.0 1 0 3597 0 2.0 2.0 27732 1467 89%
c s 89.96 3.6 1.0 1 0 3634 0 2.0 2.0 27709 1466 89%
c s 90.77 3.6 1.0 1 0 3671 0 2.0 2.0 27687 1465 89%
c s 91.61 3.6 1.0 1 0 3708 0 2.0 2.0 27666 1464 89%
c s 92.46 3.6 1.0 1 0 3745 0 2.0 2.0 27646 1463 89%
c s 93.25 3.6 1.0 1 0 3782 0 2.0 2.0 27627 1462 89%
c s 94.09 3.6 1.0 1 0 3819 0 2.0 2.0 27609 1461 89%
c
c    time      reduced redundant  irredundant
c        space  restarts    glue        variables
c            level conflicts    size       remaining
c
c s 94.87 3.6 1.0 1 0 3856 0 2.0 2.0 27592 1460 89%
c s 95.71 3.6 1.0 1 0 3893 0 2.0 2.0 27576 1459 89%
c s 96.46 3.6 1.0 1 0 3930 0 2.0 2.0 27561 1458 89%
c s 97.29 3.6 1.0 1 0 3967 0 2.0 2.0 27547 1457 89%
c - 97.95 3.6 1.0 2 0 4002 35 2.0 2.0 27547 1457 89%
c s 98.03 3.6 1.0 2 0 4004 0 2.0 2.0 27534 1456 89%
c s 98.84 3.6 1.0 2 0 4041 0 2.0 2.0 27522 1455 89%
c s 99.56 3.6 1.0 2 0 4078 0 2.0 2.0 27511 1454 89%
c s 100.31 3.6 1.0 2 0 4115 0 2.0 2.0 27501 1453 89%
c s 101.04 3.6 1.0 2 0 4152 0 2.0 2.0 27492 1452 89%
c s 101.78 3.6 1.0 2 0 4189 0 2.0 2.0 27484 1451 88%
c s 102.50 3.6 1.0 2 0 4226 0 2.0 2.0 27477 1450 88%
c s 103.31 3.6 1.0 2 0 4263 0 2.0 2.0 27471 1449 88%
c s 104.13 3.6 1.0 2 0 4300 0 2.0 2.0 27466 1448 88%
c s 104.96 3.6 1.0 2 0 4337 0 2.0 2.0 27462 1447 88%
c s 105.80 3.6 1.0 2 0 4374 0 2.0 2.0 27459 1446 88%
c s 106.60 3.6 1.0 2 0 4411 0 2.0 2.0 27457 1445 88%
c s 107.35 3.6 1.0 2 0 4448 0 2.0 2.0 27456 1444 88%
c s 107.36 3.6 1.0 2 0 4448 0 2.0 2.0 27455 1443 88%
c s 107.36 3.6 1.0 2 0 4448 0 2.0 2.0 27417 1442 88%
c
c     time      reduced redundant  irredundant
c         space  restarts    glue        variables
c             level conflicts    size       remaining
c
c s 107.36 3.6 1.0 2 0 4448 0 2.0 2.0 27379 1441 88%
c s 107.37 3.6 1.0 2 0 4448 0 2.0 2.0 27341 1440 88%
c s 107.37 3.6 1.0 2 0 4448 0 2.0 2.0 27303 1439 88%
c s 107.38 3.6 1.0 2 0 4448 0 2.0 2.0 27265 1438 88%
c s 107.38 3.6 1.0 2 0 4448 0 2.0 2.0 27227 1437 88%
c s 107.38 3.6 1.0 2 0 4448 0 2.0 2.0 27189 1436 88%
c s 107.39 3.6 1.0 2 0 4448 0 2.0 2.0 27151 1435 88%
c s 107.39 3.6 1.0 2 0 4448 0 2.0 2.0 27113 1434 87%
c s 107.39 3.6 1.0 2 0 4448 0 2.0 2.0 27075 1433 87%
c s 107.40 3.6 1.0 2 0 4448 0 2.0 2.0 27037 1432 87%
c s 107.40 3.6 1.0 2 0 4448 0 2.0 2.0 26999 1431 87%
c s 107.40 3.6 1.0 2 0 4448 0 2.0 2.0 26961 1430 87%
c s 107.41 3.6 1.0 2 0 4448 0 2.0 2.0 26923 1429 87%
c s 107.42 3.6 1.0 2 0 4448 0 2.0 2.0 26885 1428 87%
c s 107.42 3.6 1.0 2 0 4448 0 2.0 2.0 26847 1427 87%
c s 107.42 3.6 1.0 2 0 4448 0 2.0 2.0 26809 1426 87%
c s 107.43 3.6 1.0 2 0 4448 0 2.0 2.0 26771 1425 87%
c s 107.43 3.6 1.0 2 0 4448 0 2.0 2.0 26733 1424 87%
c s 107.43 3.6 1.0 2 0 4448 0 2.0 2.0 26695 1423 87%
c s 107.44 3.6 1.0 2 0 4448 0 2.0 2.0 26657 1422 87%
c
c     time      reduced redundant  irredundant
c         space  restarts    glue        variables
c             level conflicts    size       remaining
c
c s 107.44 3.6 1.0 2 0 4448 0 2.0 2.0 26619 1421 87%
c s 107.44 3.6 1.0 2 0 4448 0 2.0 2.0 26581 1420 87%
c s 107.45 3.6 1.0 2 0 4448 0 2.0 2.0 26543 1419 87%
c s 107.45 3.6 1.0 2 0 4448 0 2.0 2.0 26505 1418 86%
c s 107.45 3.6 1.0 2 0 4448 0 2.0 2.0 26467 1417 86%
c s 107.46 3.6 1.0 2 0 4448 0 2.0 2.0 26429 1416 86%
c s 107.46 3.6 1.0 2 0 4448 0 2.0 2.0 26391 1415 86%
c s 107.46 3.6 1.0 2 0 4448 0 2.0 2.0 26353 1414 86%
c s 107.47 3.6 1.0 2 0 4448 0 2.0 2.0 26315 1413 86%
c s 107.47 3.6 1.0 2 0 4448 0 2.0 2.0 26277 1412 86%
c s 107.47 3.6 1.0 2 0 4448 0 2.0 2.0 26239 1411 86%
c s 107.48 3.6 1.0 2 0 4448 0 2.0 2.0 26201 1410 86%
c s 107.48 3.6 1.0 2 0 4448 0 2.0 2.0 26163 1409 86%
c s 107.49 3.6 1.0 2 0 4448 0 2.0 2.0 26125 1408 86%
c s 107.49 3.6 1.0 2 0 4448 0 2.0 2.0 26087 1407 86%
c s 107.50 3.6 1.0 2 0 4448 0 2.0 2.0 26049 1406 86%
c s 108.27 3.6 1.0 2 0 4484 0 2.0 2.0 26012 1405 86%
c s 108.98 3.6 1.0 2 0 4520 0 2.0 2.0 25976 1404 86%
c s 109.73 3.6 1.0 2 0 4556 0 2.0 2.0 25941 1403 86%
c s 110.50 3.6 1.0 2 0 4592 0 2.0 2.0 25907 1402 85%
c
c     time      reduced redundant  irredundant
c         space  restarts    glue        variables
c             level conflicts    size       remaining
c
c s 111.20 3.6 1.0 2 0 4628 0 2.0 2.0 25874 1401 85%
c s 111.92 3.6 1.0 2 0 4664 0 2.0 2.0 25842 1400 85%
c s 112.60 3.6 1.0 2 0 4700 0 2.0 2.0 25811 1399 85%
c s 113.25 3.6 1.0 2 0 4736 0 2.0 2.0 25781 1398 85%
c s 113.97 3.6 1.0 2 0 4772 0 2.0 2.0 25752 1397 85%
c s 114.70 3.6 1.0 2 0 4808 0 2.0 2.0 25724 1396 85%
c s 115.44 3.6 1.0 2 0 4844 0 2.0 2.0 25697 1395 85%
c s 116.13 3.6 1.0 2 0 4880 0 2.0 2.0 25671 1394 85%
c s 116.83 3.6 1.0 2 0 4916 0 2.0 2.0 25646 1393 85%
c s 117.45 3.6 1.0 2 0 4952 0 2.0 2.0 25622 1392 85%
c s 118.05 3.6 1.0 2 0 4988 0 2.0 2.0 25599 1391 85%
c s 118.71 3.6 1.0 2 0 5024 0 2.0 2.0 25577 1390 85%
c s 119.45 3.6 1.0 2 0 5060 0 2.0 2.0 25556 1389 85%
c s 120.15 3.6 1.0 2 0 5096 0 2.0 2.0 25536 1388 85%
c s 120.78 3.6 1.0 2 0 5132 0 2.0 2.0 25517 1387 85%
c s 121.41 3.6 1.0 2 0 5168 0 2.0 2.0 25499 1386 85%
c s 122.07 3.6 1.0 2 0 5204 0 2.0 2.0 25482 1385 84%
c s 122.77 3.6 1.0 2 0 5240 0 2.0 2.0 25466 1384 84%
c s 123.46 3.6 1.0 2 0 5276 0 2.0 2.0 25451 1383 84%
c s 124.12 3.6 1.0 2 0 5312 0 2.0 2.0 25437 1382 84%
c
c     time      reduced redundant  irredundant
c         space  restarts    glue        variables
c             level conflicts    size       remaining
c
c s 124.82 3.6 1.0 2 0 5348 0 2.0 2.0 25424 1381 84%
c s 125.55 3.6 1.0 2 0 5384 0 2.0 2.0 25412 1380 84%
c s 126.27 3.6 1.0 2 0 5420 0 2.0 2.0 25401 1379 84%
c s 126.90 3.6 1.0 2 0 5456 0 2.0 2.0 25391 1378 84%
c s 127.57 3.6 1.0 2 0 5492 0 2.0 2.0 25382 1377 84%
c s 128.29 3.6 1.0 2 0 5528 0 2.0 2.0 25374 1376 84%
c s 129.00 3.6 1.0 2 0 5564 0 2.0 2.0 25367 1375 84%
c s 129.70 3.6 1.0 2 0 5600 0 2.0 2.0 25361 1374 84%
c s 130.39 3.6 1.0 2 0 5636 0 2.0 2.0 25356 1373 84%
c s 131.13 3.6 1.0 2 0 5672 0 2.0 2.0 25352 1372 84%
c s 131.78 3.6 1.0 2 0 5708 0 2.0 2.0 25349 1371 84%
c s 132.45 3.6 1.0 2 0 5744 0 2.0 2.0 25347 1370 84%
c s 133.09 3.6 1.0 2 0 5780 0 2.0 2.0 25346 1369 83%
c s 133.10 3.6 1.0 2 0 5780 0 2.0 2.0 25345 1368 83%
c s 133.11 3.6 1.0 2 0 5780 0 2.0 2.0 25308 1367 83%
c s 133.11 3.6 1.0 2 0 5780 0 2.0 2.0 25271 1366 83%
c s 133.11 3.6 1.0 2 0 5780 0 2.0 2.0 25234 1365 83%
c s 133.12 3.6 1.0 2 0 5780 0 2.0 2.0 25197 1364 83%
c s 133.12 3.6 1.0 2 0 5780 0 2.0 2.0 25160 1363 83%
c s 133.12 3.6 1.0 2 0 5780 0 2.0 2.0 25123 1362 83%
c
c     time      reduced redundant  irredundant
c         space  restarts    glue        variables
c             level conflicts    size       remaining
c
c s 133.13 3.6 1.0 2 0 5780 0 2.0 2.0 25086 1361 83%
c s 133.13 3.6 1.0 2 0 5780 0 2.0 2.0 25049 1360 83%
c s 133.13 3.6 1.0 2 0 5780 0 2.0 2.0 25012 1359 83%
c s 133.14 3.6 1.0 2 0 5780 0 2.0 2.0 24975 1358 83%
c s 133.14 3.6 1.0 2 0 5780 0 2.0 2.0 24938 1357 83%
c s 133.14 3.6 1.0 2 0 5780 0 2.0 2.0 24901 1356 83%
c s 133.15 3.6 1.0 2 0 5780 0 2.0 2.0 24864 1355 83%
c s 133.16 3.6 1.0 2 0 5780 0 2.0 2.0 24827 1354 83%
c s 133.16 3.6 1.0 2 0 5780 0 2.0 2.0 24790 1353 82%
c s 133.16 3.6 1.0 2 0 5780 0 2.0 2.0 24753 1352 82%
c s 133.17 3.6 1.0 2 0 5780 0 2.0 2.0 24716 1351 82%
c s 133.17 3.6 1.0 2 0 5780 0 2.0 2.0 24679 1350 82%
c s 133.17 3.6 1.0 2 0 5780 0 2.0 2.0 24642 1349 82%
c s 133.18 3.6 1.0 2 0 5780 0 2.0 2.0 24605 1348 82%
c s 133.18 3.6 1.0 2 0 5780 0 2.0 2.0 24568 1347 82%
c s 133.18 3.6 1.0 2 0 5780 0 2.0 2.0 24531 1346 82%
c s 133.19 3.6 1.0 2 0 5780 0 2.0 2.0 24494 1345 82%
c s 133.19 3.6 1.0 2 0 5780 0 2.0 2.0 24457 1344 82%
c s 133.19 3.6 1.0 2 0 5780 0 2.0 2.0 24420 1343 82%
c s 133.20 3.6 1.0 2 0 5780 0 2.0 2.0 24383 1342 82%
c
c     time      reduced redundant  irredundant
c         space  restarts    glue        variables
c             level conflicts    size       remaining
c
c s 133.20 3.6 1.0 2 0 5780 0 2.0 2.0 24346 1341 82%
c s 133.20 3.6 1.0 2 0 5780 0 2.0 2.0 24309 1340 82%
c s 133.21 3.6 1.0 2 0 5780 0 2.0 2.0 24272 1339 82%
c s 133.21 3.6 1.0 2 0 5780 0 2.0 2.0 24235 1338 82%
c s 133.21 3.6 1.0 2 0 5780 0 2.0 2.0 24198 1337 82%
c s 133.22 3.6 1.0 2 0 5780 0 2.0 2.0 24161 1336 81%
c s 133.22 3.6 1.0 2 0 5780 0 2.0 2.0 24124 1335 81%
c s 133.23 3.6 1.0 2 0 5780 0 2.0 2.0 24087 1334 81%
c s 133.23 3.6 1.0 2 0 5780 0 2.0 2.0 24050 1333 81%
c s 133.23 3.6 1.0 2 0 5780 0 2.0 2.0 24013 1332 81%
c s 133.91 3.6 1.0 2 0 5815 0 2.0 2.0 23977 1331 81%
c s 134.56 3.6 1.0 2 0 5850 0 2.0 2.0 23942 1330 81%
c s 135.20 3.6 1.0 2 0 5885 0 2.0 2.0 23908 1329 81%
c s 135.81 3.6 1.0 2 0 5920 0 2.0 2.0 23875 1328 81%
c s 136.42 3.6 1.0 2 0 5955 0 2.0 2.0 23843 1327 81%
c s 137.06 3.6 1.0 2 0 5990 0 2.0 2.0 23812 1326 81%
c s 137.63 3.6 1.0 2 0 6025 0 2.0 2.0 23782 1325 81%
c s 138.27 3.6 1.0 2 0 6060 0 2.0 2.0 23753 1324 81%
c s 138.91 3.6 1.0 2 0 6095 0 2.0 2.0 23725 1323 81%
c s 139.51 3.6 1.0 2 0 6130 0 2.0 2.0 23698 1322 81%
c
c     time      reduced redundant  irredundant
c         space  restarts    glue        variables
c             level conflicts    size       remaining
c
c s 140.17 3.6 1.0 2 0 6165 0 2.0 2.0 23672 1321 81%
c s 140.75 3.6 1.0 2 0 6200 0 2.0 2.0 23647 1320 80%
c s 141.42 3.6 1.0 2 0 6235 0 2.0 2.0 23623 1319 80%
c s 142.03 3.6 1.0 2 0 6270 0 2.0 2.0 23600 1318 80%
c - 142.64 3.6 1.0 3 0 6303 33 2.0 2.0 23600 1318 80%
c s 142.73 3.6 1.0 3 0 6305 0 2.0 2.0 23578 1317 80%
c s 143.39 3.6 1.0 3 0 6340 0 2.0 2.0 23557 1316 80%
c s 144.06 3.6 1.0 3 0 6375 0 2.0 2.0 23537 1315 80%
c s 144.68 3.6 1.0 3 0 6410 0 2.0 2.0 23518 1314 80%
c s 145.31 3.6 1.0 3 0 6445 0 2.0 2.0 23500 1313 80%
c s 145.93 3.6 1.0 3 0 6480 0 2.0 2.0 23483 1312 80%
c s 146.58 3.6 1.0 3 0 6515 0 2.0 2.0 23467 1311 80%
c s 147.20 3.6 1.0 3 0 6550 0 2.0 2.0 23452 1310 80%
c s 147.79 3.6 1.0 3 0 6585 0 2.0 2.0 23438 1309 80%
c s 148.47 3.6 1.0 3 0 6620 0 2.0 2.0 23425 1308 80%
c s 149.09 3.6 1.0 3 0 6655 0 2.0 2.0 23413 1307 80%
c s 149.73 3.6 1.0 3 0 6690 0 2.0 2.0 23402 1306 80%
c s 150.34 3.6 1.0 3 0 6725 0 2.0 2.0 23392 1305 80%
c s 150.98 3.6 1.0 3 0 6760 0 2.0 2.0 23383 1304 80%
c s 151.64 3.6 1.0 3 0 6795 0 2.0 2.0 23375 1303 79%
c
c     time      reduced redundant  irredundant
c         space  restarts    glue        variables
c             level conflicts    size       remaining
c
c s 152.28 3.6 1.0 3 0 6830 0 2.0 2.0 23368 1302 79%
c s 152.87 3.6 1.0 3 0 6865 0 2.0 2.0 23362 1301 79%
c s 153.53 3.6 1.0 3 0 6900 0 2.0 2.0 23357 1300 79%
c s 154.14 3.6 1.0 3 0 6935 0 2.0 2.0 23353 1299 79%
c s 154.72 3.6 1.0 3 0 6970 0 2.0 2.0 23350 1298 79%
c s 155.31 3.6 1.0 3 0 7005 0 2.0 2.0 23348 1297 79%
c s 155.93 3.6 1.0 3 0 7040 0 2.0 2.0 23347 1296 79%
c s 155.94 3.6 1.0 3 0 7040 0 2.0 2.0 23346 1295 79%
c s 155.94 3.6 1.0 3 0 7040 0 2.0 2.0 23310 1294 79%
c s 155.95 3.6 1.0 3 0 7040 0 2.0 2.0 23274 1293 79%
c s 155.96 3.6 1.0 3 0 7040 0 2.0 2.0 23238 1292 79%
c s 155.96 3.6 1.0 3 0 7040 0 2.0 2.0 23202 1291 79%
c s 155.96 3.6 1.0 3 0 7040 0 2.0 2.0 23166 1290 79%
c s 155.97 3.6 1.0 3 0 7040 0 2.0 2.0 23130 1289 79%
c s 155.97 3.6 1.0 3 0 7040 0 2.0 2.0 23094 1288 79%
c s 155.97 3.6 1.0 3 0 7040 0 2.0 2.0 23058 1287 78%
c s 155.98 3.6 1.0 3 0 7040 0 2.0 2.0 23022 1286 78%
c s 155.98 3.6 1.0 3 0 7040 0 2.0 2.0 22986 1285 78%
c s 155.98 3.6 1.0 3 0 7040 0 2.0 2.0 22950 1284 78%
c s 155.99 3.6 1.0 3 0 7040 0 2.0 2.0 22914 1283 78%
c
c     time      reduced redundant  irredundant
c         space  restarts    glue        variables
c             level conflicts    size       remaining
c
c s 155.99 3.6 1.0 3 0 7040 0 2.0 2.0 22878 1282 78%
c s 155.99 3.6 1.0 3 0 7040 0 2.0 2.0 22842 1281 78%
c s 156.00 3.6 1.0 3 0 7040 0 2.0 2.0 22806 1280 78%
c s 156.00 3.6 1.0 3 0 7040 0 2.0 2.0 22770 1279 78%
c s 156.01 3.6 1.0 3 0 7040 0 2.0 2.0 22734 1278 78%
c s 156.01 3.6 1.0 3 0 7040 0 2.0 2.0 22698 1277 78%
c s 156.02 3.6 1.0 3 0 7040 0 2.0 2.0 22662 1276 78%
c s 156.03 3.6 1.0 3 0 7040 0 2.0 2.0 22626 1275 78%
c s 156.03 3.6 1.0 3 0 7040 0 2.0 2.0 22590 1274 78%
c s 156.04 3.6 1.0 3 0 7040 0 2.0 2.0 22554 1273 78%
c s 156.04 3.6 1.0 3 0 7040 0 2.0 2.0 22518 1272 78%
c s 156.05 3.6 1.0 3 0 7040 0 2.0 2.0 22482 1271 78%
c s 156.05 3.6 1.0 3 0 7040 0 2.0 2.0 22446 1270 77%
c s 156.05 3.6 1.0 3 0 7040 0 2.0 2.0 22410 1269 77%
c s 156.07 3.6 1.0 3 0 7040 0 2.0 2.0 22374 1268 77%
c s 156.07 3.6 1.0 3 0 7040 0 2.0 2.0 22338 1267 77%
c s 156.07 3.6 1.0 3 0 7040 0 2.0 2.0 22302 1266 77%
c s 156.08 3.6 1.0 3 0 7040 0 2.0 2.0 22266 1265 77%
c s 156.08 3.6 1.0 3 0 7040 0 2.0 2.0 22230 1264 77%
c s 156.09 3.6 1.0 3 0 7040 0 2.0 2.0 22194 1263 77%
c
c     time      reduced redundant  irredundant
c         space  restarts    glue        variables
c             level conflicts    size       remaining
c
c s 156.09 3.6 1.0 3 0 7040 0 2.0 2.0 22158 1262 77%
c s 156.10 3.6 1.0 3 0 7040 0 2.0 2.0 22122 1261 77%
c s 156.10 3.6 1.0 3 0 7040 0 2.0 2.0 22086 1260 77%
c s 156.73 3.6 1.0 3 0 7074 0 2.0 2.0 22051 1259 77%
c s 157.33 3.6 1.0 3 0 7108 0 2.0 2.0 22017 1258 77%
c s 157.89 3.6 1.0 3 0 7142 0 2.0 2.0 21984 1257 77%
c s 158.41 3.6 1.0 3 0 7176 0 2.0 2.0 21952 1256 77%
c s 158.97 3.6 1.0 3 0 7210 0 2.0 2.0 21921 1255 77%
c s 159.54 3.6 1.0 3 0 7244 0 2.0 2.0 21891 1254 76%
c s 160.06 3.6 1.0 3 0 7278 0 2.0 2.0 21862 1253 76%
c s 160.63 3.6 1.0 3 0 7312 0 2.0 2.0 21834 1252 76%
c s 161.21 3.6 1.0 3 0 7346 0 2.0 2.0 21807 1251 76%
c s 161.71 3.6 1.0 3 0 7380 0 2.0 2.0 21781 1250 76%
c s 162.26 3.6 1.0 3 0 7414 0 2.0 2.0 21756 1249 76%
c s 162.83 3.6 1.0 3 0 7448 0 2.0 2.0 21732 1248 76%
c s 163.39 3.6 1.0 3 0 7482 0 2.0 2.0 21709 1247 76%
c s 163.90 3.6 1.0 3 0 7516 0 2.0 2.0 21687 1246 76%
c s 164.43 3.6 1.0 3 0 7550 0 2.0 2.0 21666 1245 76%
c s 164.99 3.6 1.0 3 0 7584 0 2.0 2.0 21646 1244 76%
c s 165.51 3.6 1.0 3 0 7618 0 2.0 2.0 21627 1243 76%
c
c     time      reduced redundant  irredundant
c         space  restarts    glue        variables
c             level conflicts    size       remaining
c
c s 166.02 3.6 1.0 3 0 7652 0 2.0 2.0 21609 1242 76%
c s 166.59 3.6 1.0 3 0 7686 0 2.0 2.0 21592 1241 76%
c s 167.17 3.6 1.0 3 0 7720 0 2.0 2.0 21576 1240 76%
c s 167.75 3.6 1.0 3 0 7754 0 2.0 2.0 21561 1239 76%
c s 168.27 3.6 1.0 3 0 7788 0 2.0 2.0 21547 1238 75%
c s 168.86 3.6 1.0 3 0 7822 0 2.0 2.0 21534 1237 75%
c s 169.40 3.6 1.0 3 0 7856 0 2.0 2.0 21522 1236 75%
c s 169.92 3.6 1.0 3 0 7890 0 2.0 2.0 21511 1235 75%
c s 170.49 3.6 1.0 3 0 7924 0 2.0 2.0 21501 1234 75%
c s 171.06 3.6 1.0 3 0 7958 0 2.0 2.0 21492 1233 75%
c s 171.57 3.6 1.0 3 0 7992 0 2.0 2.0 21484 1232 75%
c s 172.09 3.6 1.0 3 0 8026 0 2.0 2.0 21477 1231 75%
c s 172.63 3.6 1.0 3 0 8060 0 2.0 2.0 21471 1230 75%
c s 173.11 3.6 1.0 3 0 8094 0 2.0 2.0 21466 1229 75%
c s 173.62 3.6 1.0 3 0 8128 0 2.0 2.0 21462 1228 75%
c s 174.13 3.6 1.0 3 0 8162 0 2.0 2.0 21459 1227 75%
c s 174.68 3.6 1.0 3 0 8196 0 2.0 2.0 21457 1226 75%
c s 175.21 3.6 1.0 3 0 8230 0 2.0 2.0 21456 1225 75%
c s 175.21 3.6 1.0 3 0 8230 0 2.0 2.0 21455 1224 75%
c s 175.21 3.6 1.0 3 0 8230 0 2.0 2.0 21420 1223 75%
c
c     time      reduced redundant  irredundant
c         space  restarts    glue        variables
c             level conflicts    size       remaining
c
c s 175.22 3.6 1.0 3 0 8230 0 2.0 2.0 21385 1222 75%
c s 175.23 3.6 1.0 3 0 8230 0 2.0 2.0 21350 1221 74%
c s 175.23 3.6 1.0 3 0 8230 0 2.0 2.0 21315 1220 74%
c s 175.23 3.6 1.0 3 0 8230 0 2.0 2.0 21280 1219 74%
c s 175.24 3.6 1.0 3 0 8230 0 2.0 2.0 21245 1218 74%
c s 175.24 3.6 1.0 3 0 8230 0 2.0 2.0 21210 1217 74%
c s 175.25 3.6 1.0 3 0 8230 0 2.0 2.0 21175 1216 74%
c s 175.25 3.6 1.0 3 0 8230 0 2.0 2.0 21140 1215 74%
c s 175.26 3.6 1.0 3 0 8230 0 2.0 2.0 21105 1214 74%
c s 175.26 3.6 1.0 3 0 8230 0 2.0 2.0 21070 1213 74%
c s 175.26 3.6 1.0 3 0 8230 0 2.0 2.0 21035 1212 74%
c s 175.27 3.6 1.0 3 0 8230 0 2.0 2.0 21000 1211 74%
c s 175.27 3.6 1.0 3 0 8230 0 2.0 2.0 20965 1210 74%
c s 175.27 3.6 1.0 3 0 8230 0 2.0 2.0 20930 1209 74%
c s 175.28 3.6 1.0 3 0 8230 0 2.0 2.0 20895 1208 74%
c s 175.29 3.6 1.0 3 0 8230 0 2.0 2.0 20860 1207 74%
c s 175.30 3.6 1.0 3 0 8230 0 2.0 2.0 20825 1206 74%
c s 175.31 3.6 1.0 3 0 8230 0 2.0 2.0 20790 1205 73%
c s 175.32 3.6 1.0 3 0 8230 0 2.0 2.0 20755 1204 73%
c s 175.32 3.6 1.0 3 0 8230 0 2.0 2.0 20720 1203 73%
c
c     time      reduced redundant  irredundant
c         space  restarts    glue        variables
c             level conflicts    size       remaining
c
c s 175.32 3.6 1.0 3 0 8230 0 2.0 2.0 20685 1202 73%
c s 175.32 3.6 1.0 3 0 8230 0 2.0 2.0 20650 1201 73%
c s 175.33 3.6 1.0 3 0 8230 0 2.0 2.0 20615 1200 73%
c s 175.33 3.6 1.0 3 0 8230 0 2.0 2.0 20580 1199 73%
c s 175.33 3.6 1.0 3 0 8230 0 2.0 2.0 20545 1198 73%
c s 175.34 3.6 1.0 3 0 8230 0 2.0 2.0 20510 1197 73%
c s 175.34 3.6 1.0 3 0 8230 0 2.0 2.0 20475 1196 73%
c s 175.35 3.6 1.0 3 0 8230 0 2.0 2.0 20440 1195 73%
c s 175.35 3.6 1.0 3 0 8230 0 2.0 2.0 20405 1194 73%
c s 175.35 3.6 1.0 3 0 8230 0 2.0 2.0 20370 1193 73%
c s 175.36 3.6 1.0 3 0 8230 0 2.0 2.0 20335 1192 73%
c s 175.36 3.6 1.0 3 0 8230 0 2.0 2.0 20300 1191 73%
c s 175.37 3.6 1.0 3 0 8230 0 2.0 2.0 20265 1190 73%
c s 175.87 3.6 1.0 3 0 8263 0 2.0 2.0 20231 1189 72%
c s 176.35 3.6 1.0 3 0 8296 0 2.0 2.0 20198 1188 72%
c s 176.82 3.6 1.0 3 0 8329 0 2.0 2.0 20166 1187 72%
c s 177.31 3.6 1.0 3 0 8362 0 2.0 2.0 20135 1186 72%
c s 177.77 3.6 1.0 3 0 8395 0 2.0 2.0 20105 1185 72%
c s 178.28 3.6 1.0 3 0 8428 0 2.0 2.0 20076 1184 72%
c s 178.80 3.6 1.0 3 0 8461 0 2.0 2.0 20048 1183 72%
c
c     time      reduced redundant  irredundant
c         space  restarts    glue        variables
c             level conflicts    size       remaining
c
c s 179.26 3.6 1.0 3 0 8494 0 2.0 2.0 20021 1182 72%
c s 179.73 3.6 1.0 3 0 8527 0 2.0 2.0 19995 1181 72%
c s 180.26 3.6 1.0 3 0 8560 0 2.0 2.0 19970 1180 72%
c s 180.78 3.6 1.0 3 0 8593 0 2.0 2.0 19946 1179 72%
c s 181.29 3.6 1.0 3 0 8626 0 2.0 2.0 19923 1178 72%
c s 181.76 3.6 1.0 3 0 8659 0 2.0 2.0 19901 1177 72%
c s 182.24 3.6 1.0 3 0 8692 0 2.0 2.0 19880 1176 72%
c s 182.75 3.6 1.0 3 0 8725 0 2.0 2.0 19860 1175 72%
c s 183.23 3.6 1.0 3 0 8758 0 2.0 2.0 19841 1174 72%
c s 183.75 3.6 1.0 3 0 8791 0 2.0 2.0 19823 1173 72%
c s 184.24 3.6 1.0 3 0 8824 0 2.0 2.0 19806 1172 71%
c s 184.76 3.6 1.0 3 0 8857 0 2.0 2.0 19790 1171 71%
c s 185.23 3.6 1.0 3 0 8890 0 2.0 2.0 19775 1170 71%
c - 185.32 3.6 1.0 4 0 8904 14 2.0 2.0 19775 1170 71%
c s 185.69 3.6 1.0 4 0 8923 0 2.0 2.0 19761 1169 71%
c s 186.17 3.6 1.0 4 0 8956 0 2.0 2.0 19748 1168 71%
c s 186.59 3.6 1.0 4 0 8989 0 2.0 2.0 19736 1167 71%
c s 187.06 3.6 1.0 4 0 9022 0 2.0 2.0 19725 1166 71%
c s 187.55 3.6 1.0 4 0 9055 0 2.0 2.0 19715 1165 71%
c s 188.07 3.6 1.0 4 0 9088 0 2.0 2.0 19706 1164 71%
c
c     time      reduced redundant  irredundant
c         space  restarts    glue        variables
c             level conflicts    size       remaining
c
c s 188.57 3.6 1.0 4 0 9121 0 2.0 2.0 19698 1163 71%
c s 189.05 3.6 1.0 4 0 9154 0 2.0 2.0 19691 1162 71%
c s 189.51 3.6 1.0 4 0 9187 0 2.0 2.0 19685 1161 71%
c s 189.98 3.6 1.0 4 0 9220 0 2.0 2.0 19680 1160 71%
c s 190.48 3.6 1.0 4 0 9253 0 2.0 2.0 19676 1159 71%
c s 190.95 3.6 1.0 4 0 9286 0 2.0 2.0 19673 1158 71%
c s 191.44 3.6 1.0 4 0 9319 0 2.0 2.0 19671 1157 71%
c s 191.95 3.6 1.0 4 0 9352 0 2.0 2.0 19670 1156 70%
c s 191.95 3.6 1.0 4 0 9352 0 2.0 2.0 19669 1155 70%
c s 191.95 3.6 1.0 4 0 9352 0 2.0 2.0 19635 1154 70%
c s 191.95 3.6 1.0 4 0 9352 0 2.0 2.0 19601 1153 70%
c s 191.96 3.6 1.0 4 0 9352 0 2.0 2.0 19567 1152 70%
c s 191.96 3.6 1.0 4 0 9352 0 2.0 2.0 19533 1151 70%
c s 191.96 3.6 1.0 4 0 9352 0 2.0 2.0 19499 1150 70%
c s 191.97 3.6 1.0 4 0 9352 0 2.0 2.0 19465 1149 70%
c s 191.97 3.6 1.0 4 0 9352 0 2.0 2.0 19431 1148 70%
c s 191.97 3.6 1.0 4 0 9352 0 2.0 2.0 19397 1147 70%
c s 191.97 3.6 1.0 4 0 9352 0 2.0 2.0 19363 1146 70%
c s 191.98 3.6 1.0 4 0 9352 0 2.0 2.0 19329 1145 70%
c s 191.98 3.6 1.0 4 0 9352 0 2.0 2.0 19295 1144 70%
c
c     time      reduced redundant  irredundant
c         space  restarts    glue        variables
c             level conflicts    size       remaining
c
c s 191.98 3.6 1.0 4 0 9352 0 2.0 2.0 19261 1143 70%
c s 191.99 3.6 1.0 4 0 9352 0 2.0 2.0 19227 1142 70%
c s 191.99 3.6 1.0 4 0 9352 0 2.0 2.0 19193 1141 70%
c s 192.00 3.6 1.0 4 0 9352 0 2.0 2.0 19159 1140 70%
c s 192.00 3.6 1.0 4 0 9352 0 2.0 2.0 19125 1139 69%
c s 192.00 3.6 1.0 4 0 9352 0 2.0 2.0 19091 1138 69%
c s 192.00 3.6 1.0 4 0 9352 0 2.0 2.0 19057 1137 69%
c s 192.01 3.6 1.0 4 0 9352 0 2.0 2.0 19023 1136 69%
c s 192.01 3.6 1.0 4 0 9352 0 2.0 2.0 18989 1135 69%
c s 192.01 3.6 1.0 4 0 9352 0 2.0 2.0 18955 1134 69%
c s 192.02 3.6 1.0 4 0 9352 0 2.0 2.0 18921 1133 69%
c s 192.02 3.6 1.0 4 0 9352 0 2.0 2.0 18887 1132 69%
c s 192.02 3.6 1.0 4 0 9352 0 2.0 2.0 18853 1131 69%
c s 192.02 3.6 1.0 4 0 9352 0 2.0 2.0 18819 1130 69%
c s 192.03 3.6 1.0 4 0 9352 0 2.0 2.0 18785 1129 69%
c s 192.03 3.6 1.0 4 0 9352 0 2.0 2.0 18751 1128 69%
c s 192.03 3.6 1.0 4 0 9352 0 2.0 2.0 18717 1127 69%
c s 192.03 3.6 1.0 4 0 9352 0 2.0 2.0 18683 1126 69%
c s 192.04 3.6 1.0 4 0 9352 0 2.0 2.0 18649 1125 69%
c s 192.04 3.6 1.0 4 0 9352 0 2.0 2.0 18615 1124 69%
c
c     time      reduced redundant  irredundant
c         space  restarts    glue        variables
c             level conflicts    size       remaining
c
c s 192.04 3.6 1.0 4 0 9352 0 2.0 2.0 18581 1123 68%
c s 192.05 3.6 1.0 4 0 9352 0 2.0 2.0 18547 1122 68%
c s 192.47 3.6 1.0 4 0 9384 0 2.0 2.0 18514 1121 68%
c s 192.90 3.6 1.0 4 0 9416 0 2.0 2.0 18482 1120 68%
c s 193.33 3.6 1.0 4 0 9448 0 2.0 2.0 18451 1119 68%
c s 193.74 3.6 1.0 4 0 9480 0 2.0 2.0 18421 1118 68%
c s 194.18 3.6 1.0 4 0 9512 0 2.0 2.0 18392 1117 68%
c s 194.57 3.6 1.0 4 0 9544 0 2.0 2.0 18364 1116 68%
c s 194.98 3.6 1.0 4 0 9576 0 2.0 2.0 18337 1115 68%
c s 195.47 3.6 1.0 4 0 9608 0 2.0 2.0 18311 1114 68%
c s 195.94 3.6 1.0 4 0 9640 0 2.0 2.0 18286 1113 68%
c s 196.38 3.6 1.0 4 0 9672 0 2.0 2.0 18262 1112 68%
c s 196.79 3.6 1.0 4 0 9704 0 2.0 2.0 18239 1111 68%
c s 197.18 3.6 1.0 4 0 9736 0 2.0 2.0 18217 1110 68%
c s 197.59 3.6 1.0 4 0 9768 0 2.0 2.0 18196 1109 68%
c s 197.97 3.6 1.0 4 0 9800 0 2.0 2.0 18176 1108 68%
c s 198.36 3.6 1.0 4 0 9832 0 2.0 2.0 18157 1107 68%
c s 198.76 3.6 1.0 4 0 9864 0 2.0 2.0 18139 1106 67%
c s 199.15 3.6 1.0 4 0 9896 0 2.0 2.0 18122 1105 67%
c s 199.55 3.6 1.0 4 0 9928 0 2.0 2.0 18106 1104 67%
c
c     time      reduced redundant  irredundant
c         space  restarts    glue        variables
c             level conflicts    size       remaining
c
c s 199.94 3.6 1.0 4 0 9960 0 2.0 2.0 18091 1103 67%
c s 200.34 3.6 1.0 4 0 9992 0 2.0 2.0 18077 1102 67%
c s 200.73 3.6 1.0 4 0 10024 0 2.0 2.0 18064 1101 67%
c s 201.08 3.6 1.0 4 0 10056 0 2.0 2.0 18052 1100 67%
c s 201.46 3.6 1.0 4 0 10088 0 2.0 2.0 18041 1099 67%
c s 201.85 3.6 1.0 4 0 10120 0 2.0 2.0 18031 1098 67%
c s 202.25 3.6 1.0 4 0 10152 0 2.0 2.0 18022 1097 67%
c s 202.60 3.6 1.0 4 0 10184 0 2.0 2.0 18014 1096 67%
c s 203.02 3.6 1.0 4 0 10216 0 2.0 2.0 18007 1095 67%
c s 203.41 3.6 1.0 4 0 10248 0 2.0 2.0 18001 1094 67%
c s 203.78 3.6 1.0 4 0 10280 0 2.0 2.0 17996 1093 67%
c s 204.18 3.6 1.0 4 0 10312 0 2.0 2.0 17992 1092 67%
c s 204.59 3.6 1.0 4 0 10344 0 2.0 2.0 17989 1091 67%
c s 205.03 3.6 1.0 4 0 10376 0 2.0 2.0 17987 1090 66%
c s 205.44 3.6 1.0 4 0 10408 0 2.0 2.0 17986 1089 66%
c s 205.45 3.6 1.0 4 0 10408 0 2.0 2.0 17985 1088 66%
c s 205.45 3.6 1.0 4 0 10408 0 2.0 2.0 17952 1087 66%
c s 205.45 3.6 1.0 4 0 10408 0 2.0 2.0 17919 1086 66%
c s 205.45 3.6 1.0 4 0 10408 0 2.0 2.0 17886 1085 66%
c s 205.46 3.6 1.0 4 0 10408 0 2.0 2.0 17853 1084 66%
c
c     time      reduced  redundant  irredundant
c         space  restarts     glue        variables
c             level  conflicts    size       remaining
c
c s 205.46 3.6 1.0 4 0 10408 0 2.0 2.0 17820 1083 66%
c s 205.46 3.6 1.0 4 0 10408 0 2.0 2.0 17787 1082 66%
c s 205.46 3.6 1.0 4 0 10408 0 2.0 2.0 17754 1081 66%
c s 205.47 3.6 1.0 4 0 10408 0 2.0 2.0 17721 1080 66%
c s 205.47 3.6 1.0 4 0 10408 0 2.0 2.0 17688 1079 66%
c s 205.47 3.6 1.0 4 0 10408 0 2.0 2.0 17655 1078 66%
c s 205.47 3.6 1.0 4 0 10408 0 2.0 2.0 17622 1077 66%
c s 205.48 3.6 1.0 4 0 10408 0 2.0 2.0 17589 1076 66%
c s 205.48 3.6 1.0 4 0 10408 0 2.0 2.0 17556 1075 66%
c s 205.48 3.6 1.0 4 0 10408 0 2.0 2.0 17523 1074 65%
c s 205.49 3.6 1.0 4 0 10408 0 2.0 2.0 17490 1073 65%
c s 205.49 3.6 1.0 4 0 10408 0 2.0 2.0 17457 1072 65%
c s 205.49 3.6 1.0 4 0 10408 0 2.0 2.0 17424 1071 65%
c s 205.49 3.6 1.0 4 0 10408 0 2.0 2.0 17391 1070 65%
c s 205.49 3.6 1.0 4 0 10408 0 2.0 2.0 17358 1069 65%
c s 205.50 3.6 1.0 4 0 10408 0 2.0 2.0 17325 1068 65%
c s 205.50 3.6 1.0 4 0 10408 0 2.0 2.0 17292 1067 65%
c s 205.50 3.6 1.0 4 0 10408 0 2.0 2.0 17259 1066 65%
c s 205.50 3.6 1.0 4 0 10408 0 2.0 2.0 17226 1065 65%
c s 205.51 3.6 1.0 4 0 10408 0 2.0 2.0 17193 1064 65%
c
c     time      reduced  redundant  irredundant
c         space  restarts     glue        variables
c             level  conflicts    size       remaining
c
c s 205.51 3.6 1.0 4 0 10408 0 2.0 2.0 17160 1063 65%
c s 205.51 3.6 1.0 4 0 10408 0 2.0 2.0 17127 1062 65%
c s 205.51 3.6 1.0 4 0 10408 0 2.0 2.0 17094 1061 65%
c s 205.52 3.6 1.0 4 0 10408 0 2.0 2.0 17061 1060 65%
c s 205.52 3.6 1.0 4 0 10408 0 2.0 2.0 17028 1059 65%
c s 205.52 3.6 1.0 4 0 10408 0 2.0 2.0 16995 1058 65%
c s 205.52 3.6 1.0 4 0 10408 0 2.0 2.0 16962 1057 64%
c s 205.53 3.6 1.0 4 0 10408 0 2.0 2.0 16929 1056 64%
c s 205.89 3.6 1.0 4 0 10439 0 2.0 2.0 16897 1055 64%
c s 206.27 3.6 1.0 4 0 10470 0 2.0 2.0 16866 1054 64%
c s 206.67 3.6 1.0 4 0 10501 0 2.0 2.0 16836 1053 64%
c s 207.06 3.6 1.0 4 0 10532 0 2.0 2.0 16807 1052 64%
c s 207.44 3.6 1.0 4 0 10563 0 2.0 2.0 16779 1051 64%
c s 207.78 3.6 1.0 4 0 10594 0 2.0 2.0 16752 1050 64%
c s 208.14 3.6 1.0 4 0 10625 0 2.0 2.0 16726 1049 64%
c s 208.50 3.6 1.0 4 0 10656 0 2.0 2.0 16701 1048 64%
c s 208.92 3.6 1.0 4 0 10687 0 2.0 2.0 16677 1047 64%
c s 209.32 3.6 1.0 4 0 10718 0 2.0 2.0 16654 1046 64%
c s 209.71 3.6 1.0 4 0 10749 0 2.0 2.0 16632 1045 64%
c s 210.12 3.6 1.0 4 0 10780 0 2.0 2.0 16611 1044 64%
c
c     time      reduced  redundant  irredundant
c         space  restarts     glue        variables
c             level  conflicts    size       remaining
c
c s 210.54 3.6 1.0 4 0 10811 0 2.0 2.0 16591 1043 64%
c s 210.92 3.6 1.0 4 0 10842 0 2.0 2.0 16572 1042 64%
c s 211.28 3.6 1.0 4 0 10873 0 2.0 2.0 16554 1041 63%
c s 211.67 3.6 1.0 4 0 10904 0 2.0 2.0 16537 1040 63%
c s 212.01 3.6 1.0 4 0 10935 0 2.0 2.0 16521 1039 63%
c s 212.37 3.6 1.0 4 0 10966 0 2.0 2.0 16506 1038 63%
c s 212.76 3.6 1.0 4 0 10997 0 2.0 2.0 16492 1037 63%
c s 213.15 3.6 1.0 4 0 11028 0 2.0 2.0 16479 1036 63%
c s 213.55 3.6 1.0 4 0 11059 0 2.0 2.0 16467 1035 63%
c s 213.92 3.6 1.0 4 0 11090 0 2.0 2.0 16456 1034 63%
c s 214.28 3.6 1.0 4 0 11121 0 2.0 2.0 16446 1033 63%
c s 214.66 3.6 1.0 4 0 11152 0 2.0 2.0 16437 1032 63%
c s 215.00 3.6 1.0 4 0 11183 0 2.0 2.0 16429 1031 63%
c s 215.37 3.6 1.0 4 0 11214 0 2.0 2.0 16422 1030 63%
c s 215.72 3.6 1.0 4 0 11245 0 2.0 2.0 16416 1029 63%
c s 216.08 3.6 1.0 4 0 11276 0 2.0 2.0 16411 1028 63%
c s 216.45 3.6 1.0 4 0 11307 0 2.0 2.0 16407 1027 63%
c s 216.83 3.6 1.0 4 0 11338 0 2.0 2.0 16404 1026 63%
c s 217.20 3.6 1.0 4 0 11369 0 2.0 2.0 16402 1025 62%
c s 217.56 3.6 1.0 4 0 11400 0 2.0 2.0 16401 1024 62%
c
c     time      reduced  redundant  irredundant
c         space  restarts     glue        variables
c             level  conflicts    size       remaining
c
c s 217.56 3.6 1.0 4 0 11400 0 2.0 2.0 16400 1023 62%
c s 217.56 3.6 1.0 4 0 11400 0 2.0 2.0 16368 1022 62%
c s 217.56 3.6 1.0 4 0 11400 0 2.0 2.0 16336 1021 62%
c s 217.57 3.6 1.0 4 0 11400 0 2.0 2.0 16304 1020 62%
c s 217.57 3.6 1.0 4 0 11400 0 2.0 2.0 16272 1019 62%
c s 217.57 3.6 1.0 4 0 11400 0 2.0 2.0 16240 1018 62%
c s 217.57 3.6 1.0 4 0 11400 0 2.0 2.0 16208 1017 62%
c s 217.58 3.6 1.0 4 0 11400 0 2.0 2.0 16176 1016 62%
c s 217.58 3.6 1.0 4 0 11400 0 2.0 2.0 16144 1015 62%
c s 217.58 3.6 1.0 4 0 11400 0 2.0 2.0 16112 1014 62%
c s 217.58 3.6 1.0 4 0 11400 0 2.0 2.0 16080 1013 62%
c s 217.59 3.6 1.0 4 0 11400 0 2.0 2.0 16048 1012 62%
c s 217.59 3.6 1.0 4 0 11400 0 2.0 2.0 16016 1011 62%
c s 217.59 3.6 1.0 4 0 11400 0 2.0 2.0 15984 1010 62%
c s 217.60 3.6 1.0 4 0 11400 0 2.0 2.0 15952 1009 62%
c s 217.60 3.6 1.0 4 0 11400 0 2.0 2.0 15920 1008 61%
c s 217.60 3.6 1.0 4 0 11400 0 2.0 2.0 15888 1007 61%
c s 217.60 3.6 1.0 4 0 11400 0 2.0 2.0 15856 1006 61%
c s 217.61 3.6 1.0 4 0 11400 0 2.0 2.0 15824 1005 61%
c s 217.61 3.6 1.0 4 0 11400 0 2.0 2.0 15792 1004 61%
c
c     time      reduced  redundant  irredundant
c         space  restarts     glue        variables
c             level  conflicts    size       remaining
c
c s 217.61 3.6 1.0 4 0 11400 0 2.0 2.0 15760 1003 61%
c s 217.61 3.6 1.0 4 0 11400 0 2.0 2.0 15728 1002 61%
c s 217.62 3.6 1.0 4 0 11400 0 2.0 2.0 15696 1001 61%
c s 217.62 3.6 1.0 4 0 11400 0 2.0 2.0 15664 1000 61%
c s 217.62 3.6 1.0 4 0 11400 0 2.0 2.0 15632 999 61%
c s 217.62 3.6 1.0 4 0 11400 0 2.0 2.0 15600 998 61%
c s 217.63 3.6 1.0 4 0 11400 0 2.0 2.0 15568 997 61%
c s 217.63 3.6 1.0 4 0 11400 0 2.0 2.0 15536 996 61%
c s 217.63 3.6 1.0 4 0 11400 0 2.0 2.0 15504 995 61%
c s 217.63 3.6 1.0 4 0 11400 0 2.0 2.0 15472 994 61%
c s 217.64 3.6 1.0 4 0 11400 0 2.0 2.0 15440 993 61%
c s 217.64 3.6 1.0 4 0 11400 0 2.0 2.0 15408 992 60%
c s 217.97 3.6 1.0 4 0 11430 0 2.0 2.0 15377 991 60%
c s 218.30 3.6 1.0 4 0 11460 0 2.0 2.0 15347 990 60%
c s 218.64 3.6 1.0 4 0 11490 0 2.0 2.0 15318 989 60%
c s 218.97 3.6 1.0 4 0 11520 0 2.0 2.0 15290 988 60%
c s 219.29 3.6 1.0 4 0 11550 0 2.0 2.0 15263 987 60%
c s 219.60 3.6 1.0 4 0 11580 0 2.0 2.0 15237 986 60%
c s 219.93 3.6 1.0 4 0 11610 0 2.0 2.0 15212 985 60%
c s 220.32 3.6 1.0 4 0 11640 0 2.0 2.0 15188 984 60%
c
c     time      reduced  redundant  irredundant
c         space  restarts     glue        variables
c             level  conflicts    size      remaining
c
c s 220.64 3.6 1.0 4 0 11670 0 2.0 2.0 15165 983 60%
c s 220.97 3.6 1.0 4 0 11700 0 2.0 2.0 15143 982 60%
c s 221.30 3.6 1.0 4 0 11730 0 2.0 2.0 15122 981 60%
c s 221.64 3.6 1.0 4 0 11760 0 2.0 2.0 15102 980 60%
c s 221.99 3.6 1.0 4 0 11790 0 2.0 2.0 15083 979 60%
c - 222.08 3.6 1.0 5 0 11805 15 2.0 2.0 15083 979 60%
c s 222.34 3.6 1.0 5 0 11820 0 2.0 2.0 15065 978 60%
c s 222.63 3.6 1.0 5 0 11850 0 2.0 2.0 15048 977 60%
c s 222.96 3.6 1.0 5 0 11880 0 2.0 2.0 15032 976 60%
c s 223.29 3.6 1.0 5 0 11910 0 2.0 2.0 15017 975 59%
c s 223.62 3.6 1.0 5 0 11940 0 2.0 2.0 15003 974 59%
c s 223.99 3.6 1.0 5 0 11970 0 2.0 2.0 14990 973 59%
c s 224.31 3.6 1.0 5 0 12000 0 2.0 2.0 14978 972 59%
c s 224.65 3.6 1.0 5 0 12030 0 2.0 2.0 14967 971 59%
c s 224.99 3.6 1.0 5 0 12060 0 2.0 2.0 14957 970 59%
c s 225.28 3.6 1.0 5 0 12090 0 2.0 2.0 14948 969 59%
c s 225.60 3.6 1.0 5 0 12120 0 2.0 2.0 14940 968 59%
c s 225.92 3.6 1.0 5 0 12150 0 2.0 2.0 14933 967 59%
c s 226.22 3.6 1.0 5 0 12180 0 2.0 2.0 14927 966 59%
c s 226.50 3.6 1.0 5 0 12210 0 2.0 2.0 14922 965 59%
c
c     time      reduced  redundant  irredundant
c         space  restarts     glue        variables
c             level  conflicts    size      remaining
c
c s 226.83 3.6 1.0 5 0 12240 0 2.0 2.0 14918 964 59%
c s 227.12 3.6 1.0 5 0 12270 0 2.0 2.0 14915 963 59%
c s 227.43 3.6 1.0 5 0 12300 0 2.0 2.0 14913 962 59%
c s 227.75 3.6 1.0 5 0 12330 0 2.0 2.0 14912 961 59%
c s 227.75 3.6 1.0 5 0 12330 0 2.0 2.0 14911 960 59%
c s 227.75 3.6 1.0 5 0 12330 0 2.0 2.0 14880 959 58%
c s 227.75 3.6 1.0 5 0 12330 0 2.0 2.0 14849 958 58%
c s 227.76 3.6 1.0 5 0 12330 0 2.0 2.0 14818 957 58%
c s 227.76 3.6 1.0 5 0 12330 0 2.0 2.0 14787 956 58%
c s 227.76 3.6 1.0 5 0 12330 0 2.0 2.0 14756 955 58%
c s 227.76 3.6 1.0 5 0 12330 0 2.0 2.0 14725 954 58%
c s 227.76 3.6 1.0 5 0 12330 0 2.0 2.0 14694 953 58%
c s 227.77 3.6 1.0 5 0 12330 0 2.0 2.0 14663 952 58%
c s 227.77 3.6 1.0 5 0 12330 0 2.0 2.0 14632 951 58%
c s 227.77 3.6 1.0 5 0 12330 0 2.0 2.0 14601 950 58%
c s 227.77 3.6 1.0 5 0 12330 0 2.0 2.0 14570 949 58%
c s 227.77 3.6 1.0 5 0 12330 0 2.0 2.0 14539 948 58%
c s 227.78 3.6 1.0 5 0 12330 0 2.0 2.0 14508 947 58%
c s 227.78 3.6 1.0 5 0 12330 0 2.0 2.0 14477 946 58%
c s 227.78 3.6 1.0 5 0 12330 0 2.0 2.0 14446 945 58%
c
c     time      reduced  redundant  irredundant
c         space  restarts     glue        variables
c             level  conflicts    size      remaining
c
c s 227.78 3.6 1.0 5 0 12330 0 2.0 2.0 14415 944 58%
c s 227.79 3.6 1.0 5 0 12330 0 2.0 2.0 14384 943 58%
c s 227.79 3.6 1.0 5 0 12330 0 2.0 2.0 14353 942 57%
c s 227.79 3.6 1.0 5 0 12330 0 2.0 2.0 14322 941 57%
c s 227.79 3.6 1.0 5 0 12330 0 2.0 2.0 14291 940 57%
c s 227.79 3.6 1.0 5 0 12330 0 2.0 2.0 14260 939 57%
c s 227.80 3.6 1.0 5 0 12330 0 2.0 2.0 14229 938 57%
c s 227.80 3.6 1.0 5 0 12330 0 2.0 2.0 14198 937 57%
c s 227.80 3.6 1.0 5 0 12330 0 2.0 2.0 14167 936 57%
c s 227.80 3.6 1.0 5 0 12330 0 2.0 2.0 14136 935 57%
c s 227.80 3.6 1.0 5 0 12330 0 2.0 2.0 14105 934 57%
c s 227.81 3.6 1.0 5 0 12330 0 2.0 2.0 14074 933 57%
c s 227.81 3.6 1.0 5 0 12330 0 2.0 2.0 14043 932 57%
c s 227.81 3.6 1.0 5 0 12330 0 2.0 2.0 14012 931 57%
c s 227.81 3.6 1.0 5 0 12330 0 2.0 2.0 13981 930 57%
c s 228.08 3.6 1.0 5 0 12359 0 2.0 2.0 13951 929 57%
c s 228.35 3.6 1.0 5 0 12388 0 2.0 2.0 13922 928 57%
c s 228.64 3.6 1.0 5 0 12417 0 2.0 2.0 13894 927 57%
c s 228.94 3.6 1.0 5 0 12446 0 2.0 2.0 13867 926 56%
c s 229.26 3.6 1.0 5 0 12475 0 2.0 2.0 13841 925 56%
c
c     time      reduced  redundant  irredundant
c         space  restarts     glue        variables
c             level  conflicts    size      remaining
c
c s 229.54 3.6 1.0 5 0 12504 0 2.0 2.0 13816 924 56%
c s 229.84 3.6 1.0 5 0 12533 0 2.0 2.0 13792 923 56%
c s 230.13 3.6 1.0 5 0 12562 0 2.0 2.0 13769 922 56%
c s 230.40 3.6 1.0 5 0 12591 0 2.0 2.0 13747 921 56%
c s 230.66 3.6 1.0 5 0 12620 0 2.0 2.0 13726 920 56%
c s 230.92 3.6 1.0 5 0 12649 0 2.0 2.0 13706 919 56%
c s 231.20 3.6 1.0 5 0 12678 0 2.0 2.0 13687 918 56%
c s 231.48 3.6 1.0 5 0 12707 0 2.0 2.0 13669 917 56%
c s 231.79 3.6 1.0 5 0 12736 0 2.0 2.0 13652 916 56%
c s 232.11 3.6 1.0 5 0 12765 0 2.0 2.0 13636 915 56%
c s 232.42 3.6 1.0 5 0 12794 0 2.0 2.0 13621 914 56%
c s 232.69 3.6 1.0 5 0 12823 0 2.0 2.0 13607 913 56%
c s 232.95 3.6 1.0 5 0 12852 0 2.0 2.0 13594 912 56%
c s 233.22 3.6 1.0 5 0 12881 0 2.0 2.0 13582 911 56%
c s 233.49 3.6 1.0 5 0 12910 0 2.0 2.0 13571 910 55%
c s 233.78 3.6 1.0 5 0 12939 0 2.0 2.0 13561 909 55%
c s 234.05 3.6 1.0 5 0 12968 0 2.0 2.0 13552 908 55%
c s 234.33 3.6 1.0 5 0 12997 0 2.0 2.0 13544 907 55%
c s 234.62 3.6 1.0 5 0 13026 0 2.0 2.0 13537 906 55%
c s 234.91 3.6 1.0 5 0 13055 0 2.0 2.0 13531 905 55%
c
c     time      reduced  redundant  irredundant
c         space  restarts     glue        variables
c             level  conflicts    size      remaining
c
c s 235.22 3.6 1.0 5 0 13084 0 2.0 2.0 13526 904 55%
c s 235.50 3.6 1.0 5 0 13113 0 2.0 2.0 13522 903 55%
c s 235.79 3.6 1.0 5 0 13142 0 2.0 2.0 13519 902 55%
c s 236.05 3.6 1.0 5 0 13171 0 2.0 2.0 13517 901 55%
c s 236.32 3.6 1.0 5 0 13200 0 2.0 2.0 13516 900 55%
c s 236.32 3.6 1.0 5 0 13200 0 2.0 2.0 13515 899 55%
c s 236.33 3.6 1.0 5 0 13200 0 2.0 2.0 13485 898 55%
c s 236.33 3.6 1.0 5 0 13200 0 2.0 2.0 13455 897 55%
c s 236.33 3.6 1.0 5 0 13200 0 2.0 2.0 13425 896 55%
c s 236.33 3.6 1.0 5 0 13200 0 2.0 2.0 13395 895 55%
c s 236.33 3.6 1.0 5 0 13200 0 2.0 2.0 13365 894 55%
c s 236.34 3.6 1.0 5 0 13200 0 2.0 2.0 13335 893 54%
c s 236.34 3.6 1.0 5 0 13200 0 2.0 2.0 13305 892 54%
c s 236.34 3.6 1.0 5 0 13200 0 2.0 2.0 13275 891 54%
c s 236.35 3.6 1.0 5 0 13200 0 2.0 2.0 13245 890 54%
c s 236.35 3.6 1.0 5 0 13200 0 2.0 2.0 13215 889 54%
c s 236.35 3.6 1.0 5 0 13200 0 2.0 2.0 13185 888 54%
c s 236.35 3.6 1.0 5 0 13200 0 2.0 2.0 13155 887 54%
c s 236.36 3.6 1.0 5 0 13200 0 2.0 2.0 13125 886 54%
c s 236.36 3.6 1.0 5 0 13200 0 2.0 2.0 13095 885 54%
c
c     time      reduced  redundant  irredundant
c         space  restarts     glue        variables
c             level  conflicts    size      remaining
c
c s 236.36 3.6 1.0 5 0 13200 0 2.0 2.0 13065 884 54%
c s 236.36 3.6 1.0 5 0 13200 0 2.0 2.0 13035 883 54%
c s 236.36 3.6 1.0 5 0 13200 0 2.0 2.0 13005 882 54%
c s 236.37 3.6 1.0 5 0 13200 0 2.0 2.0 12975 881 54%
c s 236.37 3.6 1.0 5 0 13200 0 2.0 2.0 12945 880 54%
c s 236.37 3.6 1.0 5 0 13200 0 2.0 2.0 12915 879 54%
c s 236.37 3.6 1.0 5 0 13200 0 2.0 2.0 12885 878 54%
c s 236.37 3.6 1.0 5 0 13200 0 2.0 2.0 12855 877 53%
c s 236.38 3.6 1.0 5 0 13200 0 2.0 2.0 12825 876 53%
c s 236.38 3.6 1.0 5 0 13200 0 2.0 2.0 12795 875 53%
c s 236.38 3.6 1.0 5 0 13200 0 2.0 2.0 12765 874 53%
c s 236.38 3.6 1.0 5 0 13200 0 2.0 2.0 12735 873 53%
c s 236.39 3.6 1.0 5 0 13200 0 2.0 2.0 12705 872 53%
c s 236.39 3.6 1.0 5 0 13200 0 2.0 2.0 12675 871 53%
c s 236.39 3.6 1.0 5 0 13200 0 2.0 2.0 12645 870 53%
c s 236.70 3.6 1.0 5 0 13228 0 2.0 2.0 12616 869 53%
c s 236.99 3.6 1.0 5 0 13256 0 2.0 2.0 12588 868 53%
c s 237.29 3.6 1.0 5 0 13284 0 2.0 2.0 12561 867 53%
c s 237.54 3.6 1.0 5 0 13312 0 2.0 2.0 12535 866 53%
c s 237.82 3.6 1.0 5 0 13340 0 2.0 2.0 12510 865 53%
c
c     time      reduced  redundant  irredundant
c         space  restarts     glue        variables
c             level  conflicts    size      remaining
c
c s 238.11 3.6 1.0 5 0 13368 0 2.0 2.0 12486 864 53%
c s 238.40 3.6 1.0 5 0 13396 0 2.0 2.0 12463 863 53%
c s 238.69 3.6 1.0 5 0 13424 0 2.0 2.0 12441 862 53%
c s 238.94 3.6 1.0 5 0 13452 0 2.0 2.0 12420 861 52%
c s 239.25 3.6 1.0 5 0 13480 0 2.0 2.0 12400 860 52%
c s 239.59 3.6 1.0 5 0 13508 0 2.0 2.0 12381 859 52%
c s 239.91 3.6 1.0 5 0 13536 0 2.0 2.0 12363 858 52%
c s 240.24 3.6 1.0 5 0 13564 0 2.0 2.0 12346 857 52%
c s 240.52 3.6 1.0 5 0 13592 0 2.0 2.0 12330 856 52%
c s 240.80 3.6 1.0 5 0 13620 0 2.0 2.0 12315 855 52%
c s 241.09 3.6 1.0 5 0 13648 0 2.0 2.0 12301 854 52%
c s 241.33 3.6 1.0 5 0 13676 0 2.0 2.0 12288 853 52%
c s 241.57 3.6 1.0 5 0 13704 0 2.0 2.0 12276 852 52%
c s 241.85 3.6 1.0 5 0 13732 0 2.0 2.0 12265 851 52%
c s 242.10 3.6 1.0 5 0 13760 0 2.0 2.0 12255 850 52%
c s 242.36 3.6 1.0 5 0 13788 0 2.0 2.0 12246 849 52%
c s 242.60 3.6 1.0 5 0 13816 0 2.0 2.0 12238 848 52%
c s 242.84 3.6 1.0 5 0 13844 0 2.0 2.0 12231 847 52%
c s 243.11 3.6 1.0 5 0 13872 0 2.0 2.0 12225 846 52%
c s 243.38 3.6 1.0 5 0 13900 0 2.0 2.0 12220 845 52%
c
c     time      reduced  redundant  irredundant
c         space  restarts     glue        variables
c             level  conflicts    size      remaining
c
c s 243.63 3.6 1.0 5 0 13928 0 2.0 2.0 12216 844 51%
c s 243.86 3.6 1.0 5 0 13956 0 2.0 2.0 12213 843 51%
c s 244.09 3.6 1.0 5 0 13984 0 2.0 2.0 12211 842 51%
c s 244.36 3.6 1.0 5 0 14012 0 2.0 2.0 12210 841 51%
c s 244.36 3.6 1.0 5 0 14012 0 2.0 2.0 12209 840 51%
c s 244.36 3.6 1.0 5 0 14012 0 2.0 2.0 12180 839 51%
c s 244.37 3.6 1.0 5 0 14012 0 2.0 2.0 12151 838 51%
c s 244.37 3.6 1.0 5 0 14012 0 2.0 2.0 12122 837 51%
c s 244.37 3.6 1.0 5 0 14012 0 2.0 2.0 12093 836 51%
c s 244.37 3.6 1.0 5 0 14012 0 2.0 2.0 12064 835 51%
c s 244.38 3.6 1.0 5 0 14012 0 2.0 2.0 12035 834 51%
c s 244.38 3.6 1.0 5 0 14012 0 2.0 2.0 12006 833 51%
c s 244.38 3.6 1.0 5 0 14012 0 2.0 2.0 11977 832 51%
c s 244.38 3.6 1.0 5 0 14012 0 2.0 2.0 11948 831 51%
c s 244.38 3.6 1.0 5 0 14012 0 2.0 2.0 11919 830 51%
c s 244.38 3.6 1.0 5 0 14012 0 2.0 2.0 11890 829 51%
c s 244.39 3.6 1.0 5 0 14012 0 2.0 2.0 11861 828 50%
c s 244.39 3.6 1.0 5 0 14012 0 2.0 2.0 11832 827 50%
c s 244.39 3.6 1.0 5 0 14012 0 2.0 2.0 11803 826 50%
c s 244.39 3.6 1.0 5 0 14012 0 2.0 2.0 11774 825 50%
c
c     time      reduced  redundant  irredundant
c         space  restarts     glue        variables
c             level  conflicts    size      remaining
c
c s 244.39 3.6 1.0 5 0 14012 0 2.0 2.0 11745 824 50%
c s 244.40 3.6 1.0 5 0 14012 0 2.0 2.0 11716 823 50%
c s 244.40 3.6 1.0 5 0 14012 0 2.0 2.0 11687 822 50%
c s 244.40 3.6 1.0 5 0 14012 0 2.0 2.0 11658 821 50%
c s 244.40 3.6 1.0 5 0 14012 0 2.0 2.0 11629 820 50%
c s 244.40 3.6 1.0 5 0 14012 0 2.0 2.0 11600 819 50%
c s 244.40 3.6 1.0 5 0 14012 0 2.0 2.0 11571 818 50%
c s 244.41 3.6 1.0 5 0 14012 0 2.0 2.0 11542 817 50%
c s 244.41 3.6 1.0 5 0 14012 0 2.0 2.0 11513 816 50%
c s 244.41 3.6 1.0 5 0 14012 0 2.0 2.0 11484 815 50%
c s 244.41 3.6 1.0 5 0 14012 0 2.0 2.0 11455 814 50%
c s 244.42 3.6 1.0 5 0 14012 0 2.0 2.0 11426 813 50%
c s 244.42 3.6 1.0 5 0 14012 0 2.0 2.0 11397 812 50%
c s 244.63 3.6 1.0 5 0 14039 0 2.0 2.0 11369 811 49%
c s 244.89 3.6 1.0 5 0 14066 0 2.0 2.0 11342 810 49%
c s 245.13 3.6 1.0 5 0 14093 0 2.0 2.0 11316 809 49%
c s 245.37 3.6 1.0 5 0 14120 0 2.0 2.0 11291 808 49%
c s 245.62 3.6 1.0 5 0 14147 0 2.0 2.0 11267 807 49%
c s 245.87 3.6 1.0 5 0 14174 0 2.0 2.0 11244 806 49%
c s 246.10 3.6 1.0 5 0 14201 0 2.0 2.0 11222 805 49%
c
c     time      reduced  redundant  irredundant
c         space  restarts     glue        variables
c             level  conflicts    size      remaining
c
c s 246.34 3.6 1.0 5 0 14228 0 2.0 2.0 11201 804 49%
c s 246.54 3.6 1.0 5 0 14255 0 2.0 2.0 11181 803 49%
c s 246.77 3.6 1.0 5 0 14282 0 2.0 2.0 11162 802 49%
c s 246.99 3.6 1.0 5 0 14309 0 2.0 2.0 11144 801 49%
c s 247.20 3.6 1.0 5 0 14336 0 2.0 2.0 11127 800 49%
c s 247.42 3.6 1.0 5 0 14363 0 2.0 2.0 11111 799 49%
c s 247.64 3.6 1.0 5 0 14390 0 2.0 2.0 11096 798 49%
c s 247.87 3.6 1.0 5 0 14417 0 2.0 2.0 11082 797 49%
c s 248.08 3.6 1.0 5 0 14444 0 2.0 2.0 11069 796 49%
c s 248.34 3.6 1.0 5 0 14471 0 2.0 2.0 11057 795 48%
c s 248.55 3.6 1.0 5 0 14498 0 2.0 2.0 11046 794 48%
c s 248.79 3.6 1.0 5 0 14525 0 2.0 2.0 11036 793 48%
c s 249.01 3.6 1.0 5 0 14552 0 2.0 2.0 11027 792 48%
c s 249.24 3.6 1.0 5 0 14579 0 2.0 2.0 11019 791 48%
c s 249.45 3.6 1.0 5 0 14606 0 2.0 2.0 11012 790 48%
c s 249.69 3.6 1.0 5 0 14633 0 2.0 2.0 11006 789 48%
c s 249.92 3.6 1.0 5 0 14660 0 2.0 2.0 11001 788 48%
c s 250.14 3.6 1.0 5 0 14687 0 2.0 2.0 10997 787 48%
c s 250.36 3.6 1.0 5 0 14714 0 2.0 2.0 10994 786 48%
c s 250.58 3.6 1.0 5 0 14741 0 2.0 2.0 10992 785 48%
c
c     time      reduced  redundant  irredundant
c         space  restarts     glue        variables
c             level  conflicts    size      remaining
c
c s 250.80 3.6 1.0 5 0 14768 0 2.0 2.0 10991 784 48%
c s 250.81 3.6 1.0 5 0 14768 0 2.0 2.0 10990 783 48%
c s 250.81 3.6 1.0 5 0 14768 0 2.0 2.0 10962 782 48%
c s 250.81 3.6 1.0 5 0 14768 0 2.0 2.0 10934 781 48%
c s 250.81 3.6 1.0 5 0 14768 0 2.0 2.0 10906 780 48%
c s 250.81 3.6 1.0 5 0 14768 0 2.0 2.0 10878 779 48%
c s 250.81 3.6 1.0 5 0 14768 0 2.0 2.0 10850 778 47%
c s 250.82 3.6 1.0 5 0 14768 0 2.0 2.0 10822 777 47%
c s 250.82 3.6 1.0 5 0 14768 0 2.0 2.0 10794 776 47%
c s 250.82 3.6 1.0 5 0 14768 0 2.0 2.0 10766 775 47%
c s 250.82 3.6 1.0 5 0 14768 0 2.0 2.0 10738 774 47%
c s 250.82 3.6 1.0 5 0 14768 0 2.0 2.0 10710 773 47%
c s 250.82 3.6 1.0 5 0 14768 0 2.0 2.0 10682 772 47%
c s 250.83 3.6 1.0 5 0 14768 0 2.0 2.0 10654 771 47%
c s 250.83 3.6 1.0 5 0 14768 0 2.0 2.0 10626 770 47%
c s 250.83 3.6 1.0 5 0 14768 0 2.0 2.0 10598 769 47%
c s 250.83 3.6 1.0 5 0 14768 0 2.0 2.0 10570 768 47%
c s 250.83 3.6 1.0 5 0 14768 0 2.0 2.0 10542 767 47%
c s 250.84 3.6 1.0 5 0 14768 0 2.0 2.0 10514 766 47%
c s 250.84 3.6 1.0 5 0 14768 0 2.0 2.0 10486 765 47%
c
c     time      reduced  redundant  irredundant
c         space  restarts     glue        variables
c             level  conflicts    size      remaining
c
c s 250.84 3.6 1.0 5 0 14768 0 2.0 2.0 10458 764 47%
c s 250.84 3.6 1.0 5 0 14768 0 2.0 2.0 10430 763 47%
c s 250.84 3.6 1.0 5 0 14768 0 2.0 2.0 10402 762 46%
c s 250.85 3.6 1.0 5 0 14768 0 2.0 2.0 10374 761 46%
c s 250.85 3.6 1.0 5 0 14768 0 2.0 2.0 10346 760 46%
c s 250.85 3.6 1.0 5 0 14768 0 2.0 2.0 10318 759 46%
c s 250.85 3.6 1.0 5 0 14768 0 2.0 2.0 10290 758 46%
c s 250.85 3.6 1.0 5 0 14768 0 2.0 2.0 10262 757 46%
c s 250.86 3.6 1.0 5 0 14768 0 2.0 2.0 10234 756 46%
c s 251.10 3.6 1.0 5 0 14794 0 2.0 2.0 10207 755 46%
c s 251.34 3.6 1.0 5 0 14820 0 2.0 2.0 10181 754 46%
c s 251.54 3.6 1.0 5 0 14846 0 2.0 2.0 10156 753 46%
c s 251.75 3.6 1.0 5 0 14872 0 2.0 2.0 10132 752 46%
c s 251.95 3.6 1.0 5 0 14898 0 2.0 2.0 10109 751 46%
c s 252.18 3.6 1.0 5 0 14924 0 2.0 2.0 10087 750 46%
c s 252.37 3.6 1.0 5 0 14950 0 2.0 2.0 10066 749 46%
c s 252.59 3.6 1.0 5 0 14976 0 2.0 2.0 10046 748 46%
c s 252.78 3.6 1.0 5 0 15002 0 2.0 2.0 10027 747 46%
c - 252.79 3.6 1.0 6 0 15006 4 2.0 2.0 10027 747 46%
c s 253.01 3.6 1.0 6 0 15028 0 2.0 2.0 10009 746 45%
c
c     time      reduced  redundant irredundant
c         space  restarts     glue       variables
c             level  conflicts    size     remaining
c
c s 253.21 3.6 1.0 6 0 15054 0 2.0 2.0 9992 745 45%
c s 253.43 3.6 1.0 6 0 15080 0 2.0 2.0 9976 744 45%
c s 253.64 3.6 1.0 6 0 15106 0 2.0 2.0 9961 743 45%
c s 253.85 3.6 1.0 6 0 15132 0 2.0 2.0 9947 742 45%
c s 254.09 3.6 1.0 6 0 15158 0 2.0 2.0 9934 741 45%
c s 254.28 3.6 1.0 6 0 15184 0 2.0 2.0 9922 740 45%
c s 254.49 3.6 1.0 6 0 15210 0 2.0 2.0 9911 739 45%
c s 254.69 3.6 1.0 6 0 15236 0 2.0 2.0 9901 738 45%
c s 254.87 3.6 1.0 6 0 15262 0 2.0 2.0 9892 737 45%
c s 255.06 3.6 1.0 6 0 15288 0 2.0 2.0 9884 736 45%
c s 255.24 3.6 1.0 6 0 15314 0 2.0 2.0 9877 735 45%
c s 255.42 3.6 1.0 6 0 15340 0 2.0 2.0 9871 734 45%
c s 255.61 3.6 1.0 6 0 15366 0 2.0 2.0 9866 733 45%
c s 255.81 3.6 1.0 6 0 15392 0 2.0 2.0 9862 732 45%
c s 256.01 3.6 1.0 6 0 15418 0 2.0 2.0 9859 731 45%
c s 256.18 3.6 1.0 6 0 15444 0 2.0 2.0 9857 730 45%
c s 256.36 3.6 1.0 6 0 15470 0 2.0 2.0 9856 729 44%
c s 256.36 3.6 1.0 6 0 15470 0 2.0 2.0 9855 728 44%
c s 256.36 3.6 1.0 6 0 15470 0 2.0 2.0 9828 727 44%
c s 256.36 3.6 1.0 6 0 15470 0 2.0 2.0 9801 726 44%
c
c     time      reduced  redundant irredundant
c         space  restarts     glue       variables
c             level  conflicts    size     remaining
c
c s 256.36 3.6 1.0 6 0 15470 0 2.0 2.0 9774 725 44%
c s 256.37 3.6 1.0 6 0 15470 0 2.0 2.0 9747 724 44%
c s 256.37 3.6 1.0 6 0 15470 0 2.0 2.0 9720 723 44%
c s 256.37 3.6 1.0 6 0 15470 0 2.0 2.0 9693 722 44%
c s 256.37 3.6 1.0 6 0 15470 0 2.0 2.0 9666 721 44%
c s 256.37 3.6 1.0 6 0 15470 0 2.0 2.0 9639 720 44%
c s 256.37 3.6 1.0 6 0 15470 0 2.0 2.0 9612 719 44%
c s 256.38 3.6 1.0 6 0 15470 0 2.0 2.0 9585 718 44%
c s 256.38 3.6 1.0 6 0 15470 0 2.0 2.0 9558 717 44%
c s 256.38 3.6 1.0 6 0 15470 0 2.0 2.0 9531 716 44%
c s 256.38 3.6 1.0 6 0 15470 0 2.0 2.0 9504 715 44%
c s 256.38 3.6 1.0 6 0 15470 0 2.0 2.0 9477 714 44%
c s 256.38 3.6 1.0 6 0 15470 0 2.0 2.0 9450 713 43%
c s 256.38 3.6 1.0 6 0 15470 0 2.0 2.0 9423 712 43%
c s 256.39 3.6 1.0 6 0 15470 0 2.0 2.0 9396 711 43%
c s 256.39 3.6 1.0 6 0 15470 0 2.0 2.0 9369 710 43%
c s 256.39 3.6 1.0 6 0 15470 0 2.0 2.0 9342 709 43%
c s 256.39 3.6 1.0 6 0 15470 0 2.0 2.0 9315 708 43%
c s 256.39 3.6 1.0 6 0 15470 0 2.0 2.0 9288 707 43%
c s 256.39 3.6 1.0 6 0 15470 0 2.0 2.0 9261 706 43%
c
c     time      reduced  redundant irredundant
c         space  restarts     glue       variables
c             level  conflicts    size     remaining
c
c s 256.40 3.6 1.0 6 0 15470 0 2.0 2.0 9234 705 43%
c s 256.40 3.6 1.0 6 0 15470 0 2.0 2.0 9207 704 43%
c s 256.40 3.6 1.0 6 0 15470 0 2.0 2.0 9180 703 43%
c s 256.40 3.6 1.0 6 0 15470 0 2.0 2.0 9153 702 43%
c s 256.59 3.6 1.0 6 0 15495 0 2.0 2.0 9127 701 43%
c s 256.77 3.6 1.0 6 0 15520 0 2.0 2.0 9102 700 43%
c s 256.96 3.6 1.0 6 0 15545 0 2.0 2.0 9078 699 43%
c s 257.14 3.6 1.0 6 0 15570 0 2.0 2.0 9055 698 43%
c s 257.31 3.6 1.0 6 0 15595 0 2.0 2.0 9033 697 42%
c s 257.49 3.6 1.0 6 0 15620 0 2.0 2.0 9012 696 42%
c s 257.68 3.6 1.0 6 0 15645 0 2.0 2.0 8992 695 42%
c s 257.87 3.6 1.0 6 0 15670 0 2.0 2.0 8973 694 42%
c s 258.08 3.6 1.0 6 0 15695 0 2.0 2.0 8955 693 42%
c s 258.26 3.6 1.0 6 0 15720 0 2.0 2.0 8938 692 42%
c s 258.44 3.6 1.0 6 0 15745 0 2.0 2.0 8922 691 42%
c s 258.61 3.6 1.0 6 0 15770 0 2.0 2.0 8907 690 42%
c s 258.78 3.6 1.0 6 0 15795 0 2.0 2.0 8893 689 42%
c s 258.95 3.6 1.0 6 0 15820 0 2.0 2.0 8880 688 42%
c s 259.12 3.6 1.0 6 0 15845 0 2.0 2.0 8868 687 42%
c s 259.30 3.6 1.0 6 0 15870 0 2.0 2.0 8857 686 42%
c
c     time      reduced  redundant irredundant
c         space  restarts     glue       variables
c             level  conflicts    size     remaining
c
c s 259.48 3.6 1.0 6 0 15895 0 2.0 2.0 8847 685 42%
c s 259.63 3.6 1.0 6 0 15920 0 2.0 2.0 8838 684 42%
c s 259.81 3.6 1.0 6 0 15945 0 2.0 2.0 8830 683 42%
c s 260.00 3.6 1.0 6 0 15970 0 2.0 2.0 8823 682 42%
c s 260.18 3.6 1.0 6 0 15995 0 2.0 2.0 8817 681 42%
c s 260.36 3.6 1.0 6 0 16020 0 2.0 2.0 8812 680 41%
c s 260.53 3.6 1.0 6 0 16045 0 2.0 2.0 8808 679 41%
c s 260.69 3.6 1.0 6 0 16070 0 2.0 2.0 8805 678 41%
c s 260.86 3.6 1.0 6 0 16095 0 2.0 2.0 8803 677 41%
c s 261.03 3.6 1.0 6 0 16120 0 2.0 2.0 8802 676 41%
c s 261.03 3.6 1.0 6 0 16120 0 2.0 2.0 8801 675 41%
c s 261.03 3.6 1.0 6 0 16120 0 2.0 2.0 8775 674 41%
c s 261.03 3.6 1.0 6 0 16120 0 2.0 2.0 8749 673 41%
c s 261.04 3.6 1.0 6 0 16120 0 2.0 2.0 8723 672 41%
c s 261.04 3.6 1.0 6 0 16120 0 2.0 2.0 8697 671 41%
c s 261.04 3.6 1.0 6 0 16120 0 2.0 2.0 8671 670 41%
c s 261.04 3.6 1.0 6 0 16120 0 2.0 2.0 8645 669 41%
c s 261.04 3.6 1.0 6 0 16120 0 2.0 2.0 8619 668 41%
c s 261.04 3.6 1.0 6 0 16120 0 2.0 2.0 8593 667 41%
c s 261.04 3.6 1.0 6 0 16120 0 2.0 2.0 8567 666 41%
c
c     time      reduced  redundant irredundant
c         space  restarts     glue       variables
c             level  conflicts    size     remaining
c
c s 261.05 3.6 1.0 6 0 16120 0 2.0 2.0 8541 665 41%
c s 261.05 3.6 1.0 6 0 16120 0 2.0 2.0 8515 664 40%
c s 261.05 3.6 1.0 6 0 16120 0 2.0 2.0 8489 663 40%
c s 261.05 3.6 1.0 6 0 16120 0 2.0 2.0 8463 662 40%
c s 261.05 3.6 1.0 6 0 16120 0 2.0 2.0 8437 661 40%
c s 261.05 3.6 1.0 6 0 16120 0 2.0 2.0 8411 660 40%
c s 261.05 3.6 1.0 6 0 16120 0 2.0 2.0 8385 659 40%
c s 261.06 3.6 1.0 6 0 16120 0 2.0 2.0 8359 658 40%
c s 261.06 3.6 1.0 6 0 16120 0 2.0 2.0 8333 657 40%
c s 261.06 3.6 1.0 6 0 16120 0 2.0 2.0 8307 656 40%
c s 261.06 3.6 1.0 6 0 16120 0 2.0 2.0 8281 655 40%
c s 261.06 3.6 1.0 6 0 16120 0 2.0 2.0 8255 654 40%
c s 261.06 3.6 1.0 6 0 16120 0 2.0 2.0 8229 653 40%
c s 261.07 3.6 1.0 6 0 16120 0 2.0 2.0 8203 652 40%
c s 261.07 3.6 1.0 6 0 16120 0 2.0 2.0 8177 651 40%
c s 261.07 3.6 1.0 6 0 16120 0 2.0 2.0 8151 650 40%
c s 261.24 3.6 1.0 6 0 16144 0 2.0 2.0 8126 649 40%
c s 261.40 3.6 1.0 6 0 16168 0 2.0 2.0 8102 648 40%
c s 261.56 3.6 1.0 6 0 16192 0 2.0 2.0 8079 647 39%
c s 261.74 3.6 1.0 6 0 16216 0 2.0 2.0 8057 646 39%
c
c     time      reduced  redundant irredundant
c         space  restarts     glue       variables
c             level  conflicts    size     remaining
c
c s 261.93 3.6 1.0 6 0 16240 0 2.0 2.0 8036 645 39%
c s 262.09 3.6 1.0 6 0 16264 0 2.0 2.0 8016 644 39%
c s 262.26 3.6 1.0 6 0 16288 0 2.0 2.0 7997 643 39%
c s 262.43 3.6 1.0 6 0 16312 0 2.0 2.0 7979 642 39%
c s 262.59 3.6 1.0 6 0 16336 0 2.0 2.0 7962 641 39%
c s 262.76 3.6 1.0 6 0 16360 0 2.0 2.0 7946 640 39%
c s 262.94 3.6 1.0 6 0 16384 0 2.0 2.0 7931 639 39%
c s 263.15 3.6 1.0 6 0 16408 0 2.0 2.0 7917 638 39%
c s 263.33 3.6 1.0 6 0 16432 0 2.0 2.0 7904 637 39%
c s 263.48 3.6 1.0 6 0 16456 0 2.0 2.0 7892 636 39%
c s 263.65 3.6 1.0 6 0 16480 0 2.0 2.0 7881 635 39%
c s 263.81 3.6 1.0 6 0 16504 0 2.0 2.0 7871 634 39%
c s 263.96 3.6 1.0 6 0 16528 0 2.0 2.0 7862 633 39%
c s 264.13 3.6 1.0 6 0 16552 0 2.0 2.0 7854 632 39%
c s 264.30 3.6 1.0 6 0 16576 0 2.0 2.0 7847 631 38%
c s 264.47 3.6 1.0 6 0 16600 0 2.0 2.0 7841 630 38%
c s 264.65 3.6 1.0 6 0 16624 0 2.0 2.0 7836 629 38%
c s 264.81 3.6 1.0 6 0 16648 0 2.0 2.0 7832 628 38%
c s 264.98 3.6 1.0 6 0 16672 0 2.0 2.0 7829 627 38%
c s 265.16 3.6 1.0 6 0 16696 0 2.0 2.0 7827 626 38%
c
c     time      reduced  redundant irredundant
c         space  restarts     glue       variables
c             level  conflicts    size     remaining
c
c s 265.39 3.6 1.0 6 0 16720 0 2.0 2.0 7826 625 38%
c s 265.39 3.6 1.0 6 0 16720 0 2.0 2.0 7825 624 38%
c s 265.39 3.6 1.0 6 0 16720 0 2.0 2.0 7800 623 38%
c s 265.39 3.6 1.0 6 0 16720 0 2.0 2.0 7775 622 38%
c s 265.39 3.6 1.0 6 0 16720 0 2.0 2.0 7750 621 38%
c s 265.39 3.6 1.0 6 0 16720 0 2.0 2.0 7725 620 38%
c s 265.39 3.6 1.0 6 0 16720 0 2.0 2.0 7700 619 38%
c s 265.40 3.6 1.0 6 0 16720 0 2.0 2.0 7675 618 38%
c s 265.40 3.6 1.0 6 0 16720 0 2.0 2.0 7650 617 38%
c s 265.40 3.6 1.0 6 0 16720 0 2.0 2.0 7625 616 38%
c s 265.40 3.6 1.0 6 0 16720 0 2.0 2.0 7600 615 38%
c s 265.40 3.6 1.0 6 0 16720 0 2.0 2.0 7575 614 37%
c s 265.40 3.6 1.0 6 0 16720 0 2.0 2.0 7550 613 37%
c s 265.40 3.6 1.0 6 0 16720 0 2.0 2.0 7525 612 37%
c s 265.41 3.6 1.0 6 0 16720 0 2.0 2.0 7500 611 37%
c s 265.41 3.6 1.0 6 0 16720 0 2.0 2.0 7475 610 37%
c s 265.41 3.6 1.0 6 0 16720 0 2.0 2.0 7450 609 37%
c s 265.42 3.6 1.0 6 0 16720 0 2.0 2.0 7425 608 37%
c s 265.42 3.6 1.0 6 0 16720 0 2.0 2.0 7400 607 37%
c s 265.42 3.6 1.0 6 0 16720 0 2.0 2.0 7375 606 37%
c
c     time      reduced  redundant irredundant
c         space  restarts     glue       variables
c             level  conflicts    size     remaining
c
c s 265.42 3.6 1.0 6 0 16720 0 2.0 2.0 7350 605 37%
c s 265.42 3.6 1.0 6 0 16720 0 2.0 2.0 7325 604 37%
c s 265.42 3.6 1.0 6 0 16720 0 2.0 2.0 7300 603 37%
c s 265.43 3.6 1.0 6 0 16720 0 2.0 2.0 7275 602 37%
c s 265.43 3.6 1.0 6 0 16720 0 2.0 2.0 7250 601 37%
c s 265.43 3.6 1.0 6 0 16720 0 2.0 2.0 7225 600 37%
c s 265.59 3.6 1.0 6 0 16743 0 2.0 2.0 7201 599 37%
c s 265.74 3.6 1.0 6 0 16766 0 2.0 2.0 7178 598 36%
c s 265.89 3.6 1.0 6 0 16789 0 2.0 2.0 7156 597 36%
c s 266.06 3.6 1.0 6 0 16812 0 2.0 2.0 7135 596 36%
c s 266.22 3.6 1.0 6 0 16835 0 2.0 2.0 7115 595 36%
c s 266.38 3.6 1.0 6 0 16858 0 2.0 2.0 7096 594 36%
c s 266.54 3.6 1.0 6 0 16881 0 2.0 2.0 7078 593 36%
c s 266.68 3.6 1.0 6 0 16904 0 2.0 2.0 7061 592 36%
c s 266.83 3.6 1.0 6 0 16927 0 2.0 2.0 7045 591 36%
c s 266.98 3.6 1.0 6 0 16950 0 2.0 2.0 7030 590 36%
c s 267.13 3.6 1.0 6 0 16973 0 2.0 2.0 7016 589 36%
c s 267.28 3.6 1.0 6 0 16996 0 2.0 2.0 7003 588 36%
c s 267.45 3.6 1.0 6 0 17019 0 2.0 2.0 6991 587 36%
c s 267.61 3.6 1.0 6 0 17042 0 2.0 2.0 6980 586 36%
c
c     time      reduced  redundant irredundant
c         space  restarts     glue       variables
c             level  conflicts    size     remaining
c
c s 267.76 3.6 1.0 6 0 17065 0 2.0 2.0 6970 585 36%
c s 267.91 3.6 1.0 6 0 17088 0 2.0 2.0 6961 584 36%
c s 268.05 3.6 1.0 6 0 17111 0 2.0 2.0 6953 583 36%
c s 268.20 3.6 1.0 6 0 17134 0 2.0 2.0 6946 582 35%
c s 268.35 3.6 1.0 6 0 17157 0 2.0 2.0 6940 581 35%
c s 268.53 3.6 1.0 6 0 17180 0 2.0 2.0 6935 580 35%
c s 268.69 3.6 1.0 6 0 17203 0 2.0 2.0 6931 579 35%
c s 268.83 3.6 1.0 6 0 17226 0 2.0 2.0 6928 578 35%
c s 268.98 3.6 1.0 6 0 17249 0 2.0 2.0 6926 577 35%
c s 269.12 3.6 1.0 6 0 17272 0 2.0 2.0 6925 576 35%
c s 269.12 3.6 1.0 6 0 17272 0 2.0 2.0 6924 575 35%
c s 269.12 3.6 1.0 6 0 17272 0 2.0 2.0 6900 574 35%
c s 269.12 3.6 1.0 6 0 17272 0 2.0 2.0 6876 573 35%
c s 269.12 3.6 1.0 6 0 17272 0 2.0 2.0 6852 572 35%
c s 269.12 3.6 1.0 6 0 17272 0 2.0 2.0 6828 571 35%
c s 269.12 3.6 1.0 6 0 17272 0 2.0 2.0 6804 570 35%
c s 269.12 3.6 1.0 6 0 17272 0 2.0 2.0 6780 569 35%
c s 269.13 3.6 1.0 6 0 17272 0 2.0 2.0 6756 568 35%
c s 269.13 3.6 1.0 6 0 17272 0 2.0 2.0 6732 567 35%
c s 269.13 3.6 1.0 6 0 17272 0 2.0 2.0 6708 566 35%
c
c     time      reduced  redundant irredundant
c         space  restarts     glue       variables
c             level  conflicts    size     remaining
c
c s 269.13 3.6 1.0 6 0 17272 0 2.0 2.0 6684 565 34%
c s 269.13 3.6 1.0 6 0 17272 0 2.0 2.0 6660 564 34%
c s 269.13 3.6 1.0 6 0 17272 0 2.0 2.0 6636 563 34%
c s 269.13 3.6 1.0 6 0 17272 0 2.0 2.0 6612 562 34%
c s 269.14 3.6 1.0 6 0 17272 0 2.0 2.0 6588 561 34%
c s 269.14 3.6 1.0 6 0 17272 0 2.0 2.0 6564 560 34%
c s 269.14 3.6 1.0 6 0 17272 0 2.0 2.0 6540 559 34%
c s 269.14 3.6 1.0 6 0 17272 0 2.0 2.0 6516 558 34%
c s 269.14 3.6 1.0 6 0 17272 0 2.0 2.0 6492 557 34%
c s 269.14 3.6 1.0 6 0 17272 0 2.0 2.0 6468 556 34%
c s 269.14 3.6 1.0 6 0 17272 0 2.0 2.0 6444 555 34%
c s 269.14 3.6 1.0 6 0 17272 0 2.0 2.0 6420 554 34%
c s 269.15 3.6 1.0 6 0 17272 0 2.0 2.0 6396 553 34%
c s 269.15 3.6 1.0 6 0 17272 0 2.0 2.0 6372 552 34%
c s 269.28 3.6 1.0 6 0 17294 0 2.0 2.0 6349 551 34%
c s 269.42 3.6 1.0 6 0 17316 0 2.0 2.0 6327 550 34%
c s 269.55 3.6 1.0 6 0 17338 0 2.0 2.0 6306 549 33%
c s 269.70 3.6 1.0 6 0 17360 0 2.0 2.0 6286 548 33%
c s 269.85 3.6 1.0 6 0 17382 0 2.0 2.0 6267 547 33%
c s 270.01 3.6 1.0 6 0 17404 0 2.0 2.0 6249 546 33%
c
c     time      reduced  redundant irredundant
c         space  restarts     glue       variables
c             level  conflicts    size     remaining
c
c s 270.14 3.6 1.0 6 0 17426 0 2.0 2.0 6232 545 33%
c s 270.28 3.6 1.0 6 0 17448 0 2.0 2.0 6216 544 33%
c s 270.43 3.6 1.0 6 0 17470 0 2.0 2.0 6201 543 33%
c s 270.58 3.6 1.0 6 0 17492 0 2.0 2.0 6187 542 33%
c s 270.73 3.6 1.0 6 0 17514 0 2.0 2.0 6174 541 33%
c s 270.87 3.6 1.0 6 0 17536 0 2.0 2.0 6162 540 33%
c s 271.01 3.6 1.0 6 0 17558 0 2.0 2.0 6151 539 33%
c s 271.14 3.6 1.0 6 0 17580 0 2.0 2.0 6141 538 33%
c s 271.28 3.6 1.0 6 0 17602 0 2.0 2.0 6132 537 33%
c s 271.42 3.6 1.0 6 0 17624 0 2.0 2.0 6124 536 33%
c s 271.55 3.6 1.0 6 0 17646 0 2.0 2.0 6117 535 33%
c s 271.68 3.6 1.0 6 0 17668 0 2.0 2.0 6111 534 33%
c s 271.82 3.6 1.0 6 0 17690 0 2.0 2.0 6106 533 32%
c s 271.95 3.6 1.0 6 0 17712 0 2.0 2.0 6102 532 32%
c s 272.09 3.6 1.0 6 0 17734 0 2.0 2.0 6099 531 32%
c s 272.23 3.6 1.0 6 0 17756 0 2.0 2.0 6097 530 32%
c s 272.36 3.6 1.0 6 0 17778 0 2.0 2.0 6096 529 32%
c s 272.36 3.6 1.0 6 0 17778 0 2.0 2.0 6095 528 32%
c s 272.37 3.6 1.0 6 0 17778 0 2.0 2.0 6072 527 32%
c s 272.37 3.6 1.0 6 0 17778 0 2.0 2.0 6049 526 32%
c
c     time      reduced  redundant irredundant
c         space  restarts     glue       variables
c             level  conflicts    size     remaining
c
c s 272.37 3.6 1.0 6 0 17778 0 2.0 2.0 6026 525 32%
c s 272.37 3.6 1.0 6 0 17778 0 2.0 2.0 6003 524 32%
c s 272.37 3.6 1.0 6 0 17778 0 2.0 2.0 5980 523 32%
c s 272.37 3.6 1.0 6 0 17778 0 2.0 2.0 5957 522 32%
c s 272.37 3.6 1.0 6 0 17778 0 2.0 2.0 5934 521 32%
c s 272.37 3.6 1.0 6 0 17778 0 2.0 2.0 5911 520 32%
c s 272.38 3.6 1.0 6 0 17778 0 2.0 2.0 5888 519 32%
c s 272.38 3.6 1.0 6 0 17778 0 2.0 2.0 5865 518 32%
c s 272.38 3.6 1.0 6 0 17778 0 2.0 2.0 5842 517 32%
c s 272.38 3.6 1.0 6 0 17778 0 2.0 2.0 5819 516 31%
c s 272.38 3.6 1.0 6 0 17778 0 2.0 2.0 5796 515 31%
c s 272.38 3.6 1.0 6 0 17778 0 2.0 2.0 5773 514 31%
c s 272.38 3.6 1.0 6 0 17778 0 2.0 2.0 5750 513 31%
c s 272.39 3.6 1.0 6 0 17778 0 2.0 2.0 5727 512 31%
c s 272.39 3.6 1.0 6 0 17778 0 2.0 2.0 5704 511 31%
c s 272.39 3.6 1.0 6 0 17778 0 2.0 2.0 5681 510 31%
c s 272.39 3.6 1.0 6 0 17778 0 2.0 2.0 5658 509 31%
c s 272.39 3.6 1.0 6 0 17778 0 2.0 2.0 5635 508 31%
c s 272.39 3.6 1.0 6 0 17778 0 2.0 2.0 5612 507 31%
c s 272.39 3.6 1.0 6 0 17778 0 2.0 2.0 5589 506 31%
c
c     time      reduced  redundant irredundant
c         space  restarts     glue       variables
c             level  conflicts    size     remaining
c
c s 272.52 3.6 1.0 6 0 17799 0 2.0 2.0 5567 505 31%
c s 272.64 3.6 1.0 6 0 17820 0 2.0 2.0 5546 504 31%
c s 272.76 3.6 1.0 6 0 17841 0 2.0 2.0 5526 503 31%
c s 272.88 3.6 1.0 6 0 17862 0 2.0 2.0 5507 502 31%
c s 273.01 3.6 1.0 6 0 17883 0 2.0 2.0 5489 501 31%
c s 273.12 3.6 1.0 6 0 17904 0 2.0 2.0 5472 500 30%
c s 273.24 3.6 1.0 6 0 17925 0 2.0 2.0 5456 499 30%
c s 273.36 3.6 1.0 6 0 17946 0 2.0 2.0 5441 498 30%
c s 273.48 3.6 1.0 6 0 17967 0 2.0 2.0 5427 497 30%
c s 273.60 3.6 1.0 6 0 17988 0 2.0 2.0 5414 496 30%
c s 273.73 3.6 1.0 6 0 18009 0 2.0 2.0 5402 495 30%
c s 273.85 3.6 1.0 6 0 18030 0 2.0 2.0 5391 494 30%
c s 273.97 3.6 1.0 6 0 18051 0 2.0 2.0 5381 493 30%
c s 274.08 3.6 1.0 6 0 18072 0 2.0 2.0 5372 492 30%
c s 274.20 3.6 1.0 6 0 18093 0 2.0 2.0 5364 491 30%
c s 274.33 3.6 1.0 6 0 18114 0 2.0 2.0 5357 490 30%
c s 274.44 3.6 1.0 6 0 18135 0 2.0 2.0 5351 489 30%
c s 274.56 3.6 1.0 6 0 18156 0 2.0 2.0 5346 488 30%
c s 274.67 3.6 1.0 6 0 18177 0 2.0 2.0 5342 487 30%
c s 274.79 3.6 1.0 6 0 18198 0 2.0 2.0 5339 486 30%
c
c     time      reduced  redundant irredundant
c         space  restarts     glue       variables
c             level  conflicts    size     remaining
c
c s 274.91 3.6 1.0 6 0 18219 0 2.0 2.0 5337 485 30%
c s 275.03 3.6 1.0 6 0 18240 0 2.0 2.0 5336 484 30%
c s 275.03 3.6 1.0 6 0 18240 0 2.0 2.0 5335 483 29%
c s 275.03 3.6 1.0 6 0 18240 0 2.0 2.0 5313 482 29%
c s 275.03 3.6 1.0 6 0 18240 0 2.0 2.0 5291 481 29%
c s 275.03 3.6 1.0 6 0 18240 0 2.0 2.0 5269 480 29%
c s 275.03 3.6 1.0 6 0 18240 0 2.0 2.0 5247 479 29%
c s 275.03 3.6 1.0 6 0 18240 0 2.0 2.0 5225 478 29%
c s 275.04 3.6 1.0 6 0 18240 0 2.0 2.0 5203 477 29%
c s 275.04 3.6 1.0 6 0 18240 0 2.0 2.0 5181 476 29%
c s 275.04 3.6 1.0 6 0 18240 0 2.0 2.0 5159 475 29%
c s 275.04 3.6 1.0 6 0 18240 0 2.0 2.0 5137 474 29%
c s 275.04 3.6 1.0 6 0 18240 0 2.0 2.0 5115 473 29%
c s 275.04 3.6 1.0 6 0 18240 0 2.0 2.0 5093 472 29%
c s 275.04 3.6 1.0 6 0 18240 0 2.0 2.0 5071 471 29%
c s 275.04 3.6 1.0 6 0 18240 0 2.0 2.0 5049 470 29%
c s 275.04 3.6 1.0 6 0 18240 0 2.0 2.0 5027 469 29%
c s 275.04 3.6 1.0 6 0 18240 0 2.0 2.0 5005 468 29%
c s 275.05 3.6 1.0 6 0 18240 0 2.0 2.0 4983 467 28%
c s 275.05 3.6 1.0 6 0 18240 0 2.0 2.0 4961 466 28%
c
c     time      reduced  redundant irredundant
c         space  restarts     glue       variables
c             level  conflicts    size     remaining
c
c s 275.05 3.6 1.0 6 0 18240 0 2.0 2.0 4939 465 28%
c s 275.05 3.6 1.0 6 0 18240 0 2.0 2.0 4917 464 28%
c s 275.05 3.6 1.0 6 0 18240 0 2.0 2.0 4895 463 28%
c s 275.05 3.6 1.0 6 0 18240 0 2.0 2.0 4873 462 28%
c s 275.16 3.6 1.0 6 0 18260 0 2.0 2.0 4852 461 28%
c s 275.26 3.6 1.0 6 0 18280 0 2.0 2.0 4832 460 28%
c s 275.37 3.6 1.0 6 0 18300 0 2.0 2.0 4813 459 28%
c s 275.48 3.6 1.0 6 0 18320 0 2.0 2.0 4795 458 28%
c s 275.59 3.6 1.0 6 0 18340 0 2.0 2.0 4778 457 28%
c s 275.70 3.6 1.0 6 0 18360 0 2.0 2.0 4762 456 28%
c s 275.83 3.6 1.0 6 0 18380 0 2.0 2.0 4747 455 28%
c s 275.94 3.6 1.0 6 0 18400 0 2.0 2.0 4733 454 28%
c s 276.06 3.6 1.0 6 0 18420 0 2.0 2.0 4720 453 28%
c s 276.17 3.6 1.0 6 0 18440 0 2.0 2.0 4708 452 28%
c s 276.28 3.6 1.0 6 0 18460 0 2.0 2.0 4697 451 28%
c s 276.39 3.6 1.0 6 0 18480 0 2.0 2.0 4687 450 27%
c s 276.49 3.6 1.0 6 0 18500 0 2.0 2.0 4678 449 27%
c - 276.52 3.6 1.0 7 0 18507 7 2.0 2.0 4678 449 27%
c s 276.60 3.6 1.0 7 0 18520 0 2.0 2.0 4670 448 27%
c s 276.71 3.6 1.0 7 0 18540 0 2.0 2.0 4663 447 27%
c
c     time      reduced  redundant irredundant
c         space  restarts     glue       variables
c             level  conflicts    size     remaining
c
c s 276.82 3.6 1.0 7 0 18560 0 2.0 2.0 4657 446 27%
c s 276.93 3.6 1.0 7 0 18580 0 2.0 2.0 4652 445 27%
c s 277.04 3.6 1.0 7 0 18600 0 2.0 2.0 4648 444 27%
c s 277.15 3.6 1.0 7 0 18620 0 2.0 2.0 4645 443 27%
c s 277.26 3.6 1.0 7 0 18640 0 2.0 2.0 4643 442 27%
c s 277.36 3.6 1.0 7 0 18660 0 2.0 2.0 4642 441 27%
c s 277.36 3.6 1.0 7 0 18660 0 2.0 2.0 4641 440 27%
c s 277.36 3.6 1.0 7 0 18660 0 2.0 2.0 4620 439 27%
c s 277.37 3.6 1.0 7 0 18660 0 2.0 2.0 4599 438 27%
c s 277.37 3.6 1.0 7 0 18660 0 2.0 2.0 4578 437 27%
c s 277.37 3.6 1.0 7 0 18660 0 2.0 2.0 4557 436 27%
c s 277.37 3.6 1.0 7 0 18660 0 2.0 2.0 4536 435 27%
c s 277.37 3.6 1.0 7 0 18660 0 2.0 2.0 4515 434 26%
c s 277.37 3.6 1.0 7 0 18660 0 2.0 2.0 4494 433 26%
c s 277.37 3.6 1.0 7 0 18660 0 2.0 2.0 4473 432 26%
c s 277.37 3.6 1.0 7 0 18660 0 2.0 2.0 4452 431 26%
c s 277.37 3.6 1.0 7 0 18660 0 2.0 2.0 4431 430 26%
c s 277.37 3.6 1.0 7 0 18660 0 2.0 2.0 4410 429 26%
c s 277.37 3.6 1.0 7 0 18660 0 2.0 2.0 4389 428 26%
c s 277.37 3.6 1.0 7 0 18660 0 2.0 2.0 4368 427 26%
c
c     time      reduced  redundant irredundant
c         space  restarts     glue       variables
c             level  conflicts    size     remaining
c
c s 277.38 3.6 1.0 7 0 18660 0 2.0 2.0 4347 426 26%
c s 277.38 3.6 1.0 7 0 18660 0 2.0 2.0 4326 425 26%
c s 277.38 3.6 1.0 7 0 18660 0 2.0 2.0 4305 424 26%
c s 277.38 3.6 1.0 7 0 18660 0 2.0 2.0 4284 423 26%
c s 277.38 3.6 1.0 7 0 18660 0 2.0 2.0 4263 422 26%
c s 277.38 3.6 1.0 7 0 18660 0 2.0 2.0 4242 421 26%
c s 277.38 3.6 1.0 7 0 18660 0 2.0 2.0 4221 420 26%
c s 277.48 3.6 1.0 7 0 18679 0 2.0 2.0 4201 419 26%
c s 277.59 3.6 1.0 7 0 18698 0 2.0 2.0 4182 418 25%
c s 277.69 3.6 1.0 7 0 18717 0 2.0 2.0 4164 417 25%
c s 277.79 3.6 1.0 7 0 18736 0 2.0 2.0 4147 416 25%
c s 277.89 3.6 1.0 7 0 18755 0 2.0 2.0 4131 415 25%
c s 278.00 3.6 1.0 7 0 18774 0 2.0 2.0 4116 414 25%
c s 278.10 3.6 1.0 7 0 18793 0 2.0 2.0 4102 413 25%
c s 278.20 3.6 1.0 7 0 18812 0 2.0 2.0 4089 412 25%
c s 278.30 3.6 1.0 7 0 18831 0 2.0 2.0 4077 411 25%
c s 278.40 3.6 1.0 7 0 18850 0 2.0 2.0 4066 410 25%
c s 278.50 3.6 1.0 7 0 18869 0 2.0 2.0 4056 409 25%
c s 278.60 3.6 1.0 7 0 18888 0 2.0 2.0 4047 408 25%
c s 278.70 3.6 1.0 7 0 18907 0 2.0 2.0 4039 407 25%
c
c     time      reduced  redundant irredundant
c         space  restarts     glue       variables
c             level  conflicts    size     remaining
c
c s 278.79 3.6 1.0 7 0 18926 0 2.0 2.0 4032 406 25%
c s 278.89 3.6 1.0 7 0 18945 0 2.0 2.0 4026 405 25%
c s 278.99 3.6 1.0 7 0 18964 0 2.0 2.0 4021 404 25%
c s 279.09 3.6 1.0 7 0 18983 0 2.0 2.0 4017 403 25%
c s 279.19 3.6 1.0 7 0 19002 0 2.0 2.0 4014 402 25%
c s 279.29 3.6 1.0 7 0 19021 0 2.0 2.0 4012 401 24%
c s 279.40 3.6 1.0 7 0 19040 0 2.0 2.0 4011 400 24%
c s 279.40 3.6 1.0 7 0 19040 0 2.0 2.0 4010 399 24%
c s 279.40 3.6 1.0 7 0 19040 0 2.0 2.0 3990 398 24%
c s 279.40 3.6 1.0 7 0 19040 0 2.0 2.0 3970 397 24%
c s 279.40 3.6 1.0 7 0 19040 0 2.0 2.0 3950 396 24%
c s 279.40 3.6 1.0 7 0 19040 0 2.0 2.0 3930 395 24%
c s 279.40 3.6 1.0 7 0 19040 0 2.0 2.0 3910 394 24%
c s 279.40 3.6 1.0 7 0 19040 0 2.0 2.0 3890 393 24%
c s 279.40 3.6 1.0 7 0 19040 0 2.0 2.0 3870 392 24%
c s 279.40 3.6 1.0 7 0 19040 0 2.0 2.0 3850 391 24%
c s 279.40 3.6 1.0 7 0 19040 0 2.0 2.0 3830 390 24%
c s 279.41 3.6 1.0 7 0 19040 0 2.0 2.0 3810 389 24%
c s 279.41 3.6 1.0 7 0 19040 0 2.0 2.0 3790 388 24%
c s 279.41 3.6 1.0 7 0 19040 0 2.0 2.0 3770 387 24%
c
c     time      reduced  redundant irredundant
c         space  restarts     glue       variables
c             level  conflicts    size     remaining
c
c s 279.41 3.6 1.0 7 0 19040 0 2.0 2.0 3750 386 24%
c s 279.41 3.6 1.0 7 0 19040 0 2.0 2.0 3730 385 23%
c s 279.41 3.6 1.0 7 0 19040 0 2.0 2.0 3710 384 23%
c s 279.41 3.6 1.0 7 0 19040 0 2.0 2.0 3690 383 23%
c s 279.41 3.6 1.0 7 0 19040 0 2.0 2.0 3670 382 23%
c s 279.41 3.6 1.0 7 0 19040 0 2.0 2.0 3650 381 23%
c s 279.41 3.6 1.0 7 0 19040 0 2.0 2.0 3630 380 23%
c s 279.51 3.6 1.0 7 0 19058 0 2.0 2.0 3611 379 23%
c s 279.61 3.6 1.0 7 0 19076 0 2.0 2.0 3593 378 23%
c s 279.71 3.6 1.0 7 0 19094 0 2.0 2.0 3576 377 23%
c s 279.80 3.6 1.0 7 0 19112 0 2.0 2.0 3560 376 23%
c s 279.90 3.6 1.0 7 0 19130 0 2.0 2.0 3545 375 23%
c s 279.99 3.6 1.0 7 0 19148 0 2.0 2.0 3531 374 23%
c s 280.10 3.6 1.0 7 0 19166 0 2.0 2.0 3518 373 23%
c s 280.19 3.6 1.0 7 0 19184 0 2.0 2.0 3506 372 23%
c s 280.29 3.6 1.0 7 0 19202 0 2.0 2.0 3495 371 23%
c s 280.39 3.6 1.0 7 0 19220 0 2.0 2.0 3485 370 23%
c s 280.48 3.6 1.0 7 0 19238 0 2.0 2.0 3476 369 22%
c s 280.57 3.6 1.0 7 0 19256 0 2.0 2.0 3468 368 22%
c s 280.67 3.6 1.0 7 0 19274 0 2.0 2.0 3461 367 22%
c
c     time      reduced  redundant irredundant
c         space  restarts     glue       variables
c             level  conflicts    size     remaining
c
c s 280.76 3.6 1.0 7 0 19292 0 2.0 2.0 3455 366 22%
c s 280.84 3.6 1.0 7 0 19310 0 2.0 2.0 3450 365 22%
c s 280.94 3.6 1.0 7 0 19328 0 2.0 2.0 3446 364 22%
c s 281.03 3.6 1.0 7 0 19346 0 2.0 2.0 3443 363 22%
c s 281.13 3.6 1.0 7 0 19364 0 2.0 2.0 3441 362 22%
c s 281.22 3.6 1.0 7 0 19382 0 2.0 2.0 3440 361 22%
c s 281.22 3.6 1.0 7 0 19382 0 2.0 2.0 3439 360 22%
c s 281.22 3.6 1.0 7 0 19382 0 2.0 2.0 3420 359 22%
c s 281.22 3.6 1.0 7 0 19382 0 2.0 2.0 3401 358 22%
c s 281.22 3.6 1.0 7 0 19382 0 2.0 2.0 3382 357 22%
c s 281.22 3.6 1.0 7 0 19382 0 2.0 2.0 3363 356 22%
c s 281.22 3.6 1.0 7 0 19382 0 2.0 2.0 3344 355 22%
c s 281.22 3.6 1.0 7 0 19382 0 2.0 2.0 3325 354 22%
c s 281.22 3.6 1.0 7 0 19382 0 2.0 2.0 3306 353 22%
c s 281.22 3.6 1.0 7 0 19382 0 2.0 2.0 3287 352 21%
c s 281.22 3.6 1.0 7 0 19382 0 2.0 2.0 3268 351 21%
c s 281.22 3.6 1.0 7 0 19382 0 2.0 2.0 3249 350 21%
c s 281.23 3.6 1.0 7 0 19382 0 2.0 2.0 3230 349 21%
c s 281.23 3.6 1.0 7 0 19382 0 2.0 2.0 3211 348 21%
c s 281.23 3.6 1.0 7 0 19382 0 2.0 2.0 3192 347 21%
c
c     time      reduced  redundant irredundant
c         space  restarts     glue       variables
c             level  conflicts    size     remaining
c
c s 281.23 3.6 1.0 7 0 19382 0 2.0 2.0 3173 346 21%
c s 281.23 3.6 1.0 7 0 19382 0 2.0 2.0 3154 345 21%
c s 281.23 3.6 1.0 7 0 19382 0 2.0 2.0 3135 344 21%
c s 281.23 3.6 1.0 7 0 19382 0 2.0 2.0 3116 343 21%
c s 281.23 3.6 1.0 7 0 19382 0 2.0 2.0 3097 342 21%
c s 281.32 3.6 1.0 7 0 19399 0 2.0 2.0 3079 341 21%
c s 281.40 3.6 1.0 7 0 19416 0 2.0 2.0 3062 340 21%
c s 281.48 3.6 1.0 7 0 19433 0 2.0 2.0 3046 339 21%
c s 281.56 3.6 1.0 7 0 19450 0 2.0 2.0 3031 338 21%
c s 281.65 3.6 1.0 7 0 19467 0 2.0 2.0 3017 337 21%
c s 281.73 3.6 1.0 7 0 19484 0 2.0 2.0 3004 336 20%
c s 281.82 3.6 1.0 7 0 19501 0 2.0 2.0 2992 335 20%
c s 281.90 3.6 1.0 7 0 19518 0 2.0 2.0 2981 334 20%
c s 281.97 3.6 1.0 7 0 19535 0 2.0 2.0 2971 333 20%
c s 282.06 3.6 1.0 7 0 19552 0 2.0 2.0 2962 332 20%
c s 282.13 3.6 1.0 7 0 19569 0 2.0 2.0 2954 331 20%
c s 282.21 3.6 1.0 7 0 19586 0 2.0 2.0 2947 330 20%
c s 282.29 3.6 1.0 7 0 19603 0 2.0 2.0 2941 329 20%
c s 282.37 3.6 1.0 7 0 19620 0 2.0 2.0 2936 328 20%
c s 282.45 3.6 1.0 7 0 19637 0 2.0 2.0 2932 327 20%
c
c     time      reduced  redundant irredundant
c         space  restarts     glue       variables
c             level  conflicts    size     remaining
c
c s 282.53 3.6 1.0 7 0 19654 0 2.0 2.0 2929 326 20%
c s 282.60 3.6 1.0 7 0 19671 0 2.0 2.0 2927 325 20%
c s 282.68 3.6 1.0 7 0 19688 0 2.0 2.0 2926 324 20%
c s 282.68 3.6 1.0 7 0 19688 0 2.0 2.0 2925 323 20%
c s 282.68 3.6 1.0 7 0 19688 0 2.0 2.0 2907 322 20%
c s 282.68 3.6 1.0 7 0 19688 0 2.0 2.0 2889 321 20%
c s 282.69 3.6 1.0 7 0 19688 0 2.0 2.0 2871 320 20%
c s 282.69 3.6 1.0 7 0 19688 0 2.0 2.0 2853 319 19%
c s 282.69 3.6 1.0 7 0 19688 0 2.0 2.0 2835 318 19%
c s 282.69 3.6 1.0 7 0 19688 0 2.0 2.0 2817 317 19%
c s 282.69 3.6 1.0 7 0 19688 0 2.0 2.0 2799 316 19%
c s 282.69 3.6 1.0 7 0 19688 0 2.0 2.0 2781 315 19%
c s 282.69 3.6 1.0 7 0 19688 0 2.0 2.0 2763 314 19%
c s 282.69 3.6 1.0 7 0 19688 0 2.0 2.0 2745 313 19%
c s 282.69 3.6 1.0 7 0 19688 0 2.0 2.0 2727 312 19%
c s 282.69 3.6 1.0 7 0 19688 0 2.0 2.0 2709 311 19%
c s 282.69 3.6 1.0 7 0 19688 0 2.0 2.0 2691 310 19%
c s 282.69 3.6 1.0 7 0 19688 0 2.0 2.0 2673 309 19%
c s 282.69 3.6 1.0 7 0 19688 0 2.0 2.0 2655 308 19%
c s 282.69 3.6 1.0 7 0 19688 0 2.0 2.0 2637 307 19%
c
c     time      reduced  redundant irredundant
c         space  restarts     glue       variables
c             level  conflicts    size     remaining
c
c s 282.70 3.6 1.0 7 0 19688 0 2.0 2.0 2619 306 19%
c s 282.77 3.6 1.0 7 0 19704 0 2.0 2.0 2602 305 19%
c s 282.84 3.6 1.0 7 0 19720 0 2.0 2.0 2586 304 19%
c s 282.92 3.6 1.0 7 0 19736 0 2.0 2.0 2571 303 18%
c s 282.99 3.6 1.0 7 0 19752 0 2.0 2.0 2557 302 18%
c s 283.07 3.6 1.0 7 0 19768 0 2.0 2.0 2544 301 18%
c s 283.14 3.6 1.0 7 0 19784 0 2.0 2.0 2532 300 18%
c s 283.21 3.6 1.0 7 0 19800 0 2.0 2.0 2521 299 18%
c s 283.29 3.6 1.0 7 0 19816 0 2.0 2.0 2511 298 18%
c s 283.35 3.6 1.0 7 0 19832 0 2.0 2.0 2502 297 18%
c s 283.42 3.6 1.0 7 0 19848 0 2.0 2.0 2494 296 18%
c s 283.50 3.6 1.0 7 0 19864 0 2.0 2.0 2487 295 18%
c s 283.57 3.6 1.0 7 0 19880 0 2.0 2.0 2481 294 18%
c s 283.64 3.6 1.0 7 0 19896 0 2.0 2.0 2476 293 18%
c s 283.71 3.6 1.0 7 0 19912 0 2.0 2.0 2472 292 18%
c s 283.78 3.6 1.0 7 0 19928 0 2.0 2.0 2469 291 18%
c s 283.85 3.6 1.0 7 0 19944 0 2.0 2.0 2467 290 18%
c s 283.92 3.6 1.0 7 0 19960 0 2.0 2.0 2466 289 18%
c s 283.92 3.6 1.0 7 0 19960 0 2.0 2.0 2465 288 18%
c s 283.93 3.6 1.0 7 0 19960 0 2.0 2.0 2448 287 18%
c
c     time      reduced  redundant irredundant
c         space  restarts     glue       variables
c             level  conflicts    size     remaining
c
c s 283.93 3.6 1.0 7 0 19960 0 2.0 2.0 2431 286 17%
c s 283.93 3.6 1.0 7 0 19960 0 2.0 2.0 2414 285 17%
c s 283.93 3.6 1.0 7 0 19960 0 2.0 2.0 2397 284 17%
c s 283.93 3.6 1.0 7 0 19960 0 2.0 2.0 2380 283 17%
c s 283.93 3.6 1.0 7 0 19960 0 2.0 2.0 2363 282 17%
c s 283.93 3.6 1.0 7 0 19960 0 2.0 2.0 2346 281 17%
c s 283.93 3.6 1.0 7 0 19960 0 2.0 2.0 2329 280 17%
c s 283.93 3.6 1.0 7 0 19960 0 2.0 2.0 2312 279 17%
c s 283.93 3.6 1.0 7 0 19960 0 2.0 2.0 2295 278 17%
c s 283.93 3.6 1.0 7 0 19960 0 2.0 2.0 2278 277 17%
c s 283.93 3.6 1.0 7 0 19960 0 2.0 2.0 2261 276 17%
c s 283.93 3.6 1.0 7 0 19960 0 2.0 2.0 2244 275 17%
c s 283.93 3.6 1.0 7 0 19960 0 2.0 2.0 2227 274 17%
c s 283.93 3.6 1.0 7 0 19960 0 2.0 2.0 2210 273 17%
c s 283.93 3.6 1.0 7 0 19960 0 2.0 2.0 2193 272 17%
c s 284.00 3.6 1.0 7 0 19975 0 2.0 2.0 2177 271 17%
c s 284.06 3.6 1.0 7 0 19990 0 2.0 2.0 2162 270 16%
c s 284.13 3.6 1.0 7 0 20005 0 2.0 2.0 2148 269 16%
c s 284.20 3.6 1.0 7 0 20020 0 2.0 2.0 2135 268 16%
c s 284.26 3.6 1.0 7 0 20035 0 2.0 2.0 2123 267 16%
c
c     time      reduced  redundant irredundant
c         space  restarts     glue       variables
c             level  conflicts    size     remaining
c
c s 284.32 3.6 1.0 7 0 20050 0 2.0 2.0 2112 266 16%
c s 284.38 3.6 1.0 7 0 20065 0 2.0 2.0 2102 265 16%
c s 284.45 3.6 1.0 7 0 20080 0 2.0 2.0 2093 264 16%
c s 284.51 3.6 1.0 7 0 20095 0 2.0 2.0 2085 263 16%
c s 284.58 3.6 1.0 7 0 20110 0 2.0 2.0 2078 262 16%
c s 284.64 3.6 1.0 7 0 20125 0 2.0 2.0 2072 261 16%
c s 284.71 3.6 1.0 7 0 20140 0 2.0 2.0 2067 260 16%
c s 284.77 3.6 1.0 7 0 20155 0 2.0 2.0 2063 259 16%
c s 284.83 3.6 1.0 7 0 20170 0 2.0 2.0 2060 258 16%
c s 284.90 3.6 1.0 7 0 20185 0 2.0 2.0 2058 257 16%
c s 284.96 3.6 1.0 7 0 20200 0 2.0 2.0 2057 256 16%
c s 284.96 3.6 1.0 7 0 20200 0 2.0 2.0 2056 255 16%
c s 284.96 3.6 1.0 7 0 20200 0 2.0 2.0 2040 254 15%
c s 284.96 3.6 1.0 7 0 20200 0 2.0 2.0 2024 253 15%
c s 284.96 3.6 1.0 7 0 20200 0 2.0 2.0 2008 252 15%
c s 284.96 3.6 1.0 7 0 20200 0 2.0 2.0 1992 251 15%
c s 284.96 3.6 1.0 7 0 20200 0 2.0 2.0 1976 250 15%
c s 284.96 3.6 1.0 7 0 20200 0 2.0 2.0 1960 249 15%
c s 284.96 3.6 1.0 7 0 20200 0 2.0 2.0 1944 248 15%
c s 284.96 3.6 1.0 7 0 20200 0 2.0 2.0 1928 247 15%
c
c     time      reduced  redundant irredundant
c         space  restarts     glue       variables
c             level  conflicts    size     remaining
c
c s 284.96 3.6 1.0 7 0 20200 0 2.0 2.0 1912 246 15%
c s 284.96 3.6 1.0 7 0 20200 0 2.0 2.0 1896 245 15%
c s 284.96 3.6 1.0 7 0 20200 0 2.0 2.0 1880 244 15%
c s 284.97 3.6 1.0 7 0 20200 0 2.0 2.0 1864 243 15%
c s 284.97 3.6 1.0 7 0 20200 0 2.0 2.0 1848 242 15%
c s 284.97 3.6 1.0 7 0 20200 0 2.0 2.0 1832 241 15%
c s 284.97 3.6 1.0 7 0 20200 0 2.0 2.0 1816 240 15%
c s 285.02 3.6 1.0 7 0 20214 0 2.0 2.0 1801 239 15%
c s 285.08 3.6 1.0 7 0 20228 0 2.0 2.0 1787 238 15%
c s 285.14 3.6 1.0 7 0 20242 0 2.0 2.0 1774 237 14%
c s 285.20 3.6 1.0 7 0 20256 0 2.0 2.0 1762 236 14%
c s 285.26 3.6 1.0 7 0 20270 0 2.0 2.0 1751 235 14%
c s 285.32 3.6 1.0 7 0 20284 0 2.0 2.0 1741 234 14%
c s 285.38 3.6 1.0 7 0 20298 0 2.0 2.0 1732 233 14%
c s 285.43 3.6 1.0 7 0 20312 0 2.0 2.0 1724 232 14%
c s 285.49 3.6 1.0 7 0 20326 0 2.0 2.0 1717 231 14%
c s 285.55 3.6 1.0 7 0 20340 0 2.0 2.0 1711 230 14%
c s 285.61 3.6 1.0 7 0 20354 0 2.0 2.0 1706 229 14%
c s 285.67 3.6 1.0 7 0 20368 0 2.0 2.0 1702 228 14%
c s 285.72 3.6 1.0 7 0 20382 0 2.0 2.0 1699 227 14%
c
c     time      reduced  redundant irredundant
c         space  restarts     glue       variables
c             level  conflicts    size     remaining
c
c s 285.78 3.6 1.0 7 0 20396 0 2.0 2.0 1697 226 14%
c s 285.84 3.6 1.0 7 0 20410 0 2.0 2.0 1696 225 14%
c s 285.84 3.6 1.0 7 0 20410 0 2.0 2.0 1695 224 14%
c s 285.84 3.6 1.0 7 0 20410 0 2.0 2.0 1680 223 14%
c s 285.84 3.6 1.0 7 0 20410 0 2.0 2.0 1665 222 14%
c s 285.84 3.6 1.0 7 0 20410 0 2.0 2.0 1650 221 13%
c s 285.84 3.6 1.0 7 0 20410 0 2.0 2.0 1635 220 13%
c s 285.84 3.6 1.0 7 0 20410 0 2.0 2.0 1620 219 13%
c s 285.84 3.6 1.0 7 0 20410 0 2.0 2.0 1605 218 13%
c s 285.84 3.6 1.0 7 0 20410 0 2.0 2.0 1590 217 13%
c s 285.84 3.6 1.0 7 0 20410 0 2.0 2.0 1575 216 13%
c s 285.85 3.6 1.0 7 0 20410 0 2.0 2.0 1560 215 13%
c s 285.85 3.6 1.0 7 0 20410 0 2.0 2.0 1545 214 13%
c s 285.85 3.6 1.0 7 0 20410 0 2.0 2.0 1530 213 13%
c s 285.85 3.6 1.0 7 0 20410 0 2.0 2.0 1515 212 13%
c s 285.85 3.6 1.0 7 0 20410 0 2.0 2.0 1500 211 13%
c s 285.85 3.6 1.0 7 0 20410 0 2.0 2.0 1485 210 13%
c s 285.90 3.6 1.0 7 0 20423 0 2.0 2.0 1471 209 13%
c s 285.95 3.6 1.0 7 0 20436 0 2.0 2.0 1458 208 13%
c s 286.00 3.6 1.0 7 0 20449 0 2.0 2.0 1446 207 13%
c
c     time      reduced  redundant irredundant
c         space  restarts     glue       variables
c             level  conflicts    size     remaining
c
c s 286.04 3.6 1.0 7 0 20462 0 2.0 2.0 1435 206 13%
c s 286.09 3.6 1.0 7 0 20475 0 2.0 2.0 1425 205 12%
c s 286.14 3.6 1.0 7 0 20488 0 2.0 2.0 1416 204 12%
c s 286.19 3.6 1.0 7 0 20501 0 2.0 2.0 1408 203 12%
c s 286.24 3.6 1.0 7 0 20514 0 2.0 2.0 1401 202 12%
c s 286.31 3.6 1.0 7 0 20527 0 2.0 2.0 1395 201 12%
c s 286.35 3.6 1.0 7 0 20540 0 2.0 2.0 1390 200 12%
c s 286.40 3.6 1.0 7 0 20553 0 2.0 2.0 1386 199 12%
c s 286.45 3.6 1.0 7 0 20566 0 2.0 2.0 1383 198 12%
c s 286.49 3.6 1.0 7 0 20579 0 2.0 2.0 1381 197 12%
c s 286.54 3.6 1.0 7 0 20592 0 2.0 2.0 1380 196 12%
c s 286.54 3.6 1.0 7 0 20592 0 2.0 2.0 1379 195 12%
c s 286.54 3.6 1.0 7 0 20592 0 2.0 2.0 1365 194 12%
c s 286.54 3.6 1.0 7 0 20592 0 2.0 2.0 1351 193 12%
c s 286.54 3.6 1.0 7 0 20592 0 2.0 2.0 1337 192 12%
c s 286.54 3.6 1.0 7 0 20592 0 2.0 2.0 1323 191 12%
c s 286.54 3.6 1.0 7 0 20592 0 2.0 2.0 1309 190 12%
c s 286.54 3.6 1.0 7 0 20592 0 2.0 2.0 1295 189 12%
c s 286.55 3.6 1.0 7 0 20592 0 2.0 2.0 1281 188 11%
c s 286.55 3.6 1.0 7 0 20592 0 2.0 2.0 1267 187 11%
c
c     time      reduced  redundant irredundant
c         space  restarts     glue       variables
c             level  conflicts    size     remaining
c
c s 286.55 3.6 1.0 7 0 20592 0 2.0 2.0 1253 186 11%
c s 286.55 3.6 1.0 7 0 20592 0 2.0 2.0 1239 185 11%
c s 286.55 3.6 1.0 7 0 20592 0 2.0 2.0 1225 184 11%
c s 286.55 3.6 1.0 7 0 20592 0 2.0 2.0 1211 183 11%
c s 286.55 3.6 1.0 7 0 20592 0 2.0 2.0 1197 182 11%
c s 286.59 3.6 1.0 7 0 20604 0 2.0 2.0 1184 181 11%
c s 286.64 3.6 1.0 7 0 20616 0 2.0 2.0 1172 180 11%
c s 286.68 3.6 1.0 7 0 20628 0 2.0 2.0 1161 179 11%
c s 286.72 3.6 1.0 7 0 20640 0 2.0 2.0 1151 178 11%
c s 286.76 3.6 1.0 7 0 20652 0 2.0 2.0 1142 177 11%
c s 286.81 3.6 1.0 7 0 20664 0 2.0 2.0 1134 176 11%
c s 286.85 3.6 1.0 7 0 20676 0 2.0 2.0 1127 175 11%
c s 286.89 3.6 1.0 7 0 20688 0 2.0 2.0 1121 174 11%
c s 286.94 3.6 1.0 7 0 20700 0 2.0 2.0 1116 173 11%
c s 286.98 3.6 1.0 7 0 20712 0 2.0 2.0 1112 172 10%
c s 287.03 3.6 1.0 7 0 20724 0 2.0 2.0 1109 171 10%
c s 287.08 3.6 1.0 7 0 20736 0 2.0 2.0 1107 170 10%
c s 287.13 3.6 1.0 7 0 20748 0 2.0 2.0 1106 169 10%
c s 287.13 3.6 1.0 7 0 20748 0 2.0 2.0 1105 168 10%
c s 287.13 3.6 1.0 7 0 20748 0 2.0 2.0 1092 167 10%
c
c     time      reduced  redundant irredundant
c         space  restarts     glue       variables
c             level  conflicts    size     remaining
c
c s 287.13 3.6 1.0 7 0 20748 0 2.0 2.0 1079 166 10%
c s 287.13 3.6 1.0 7 0 20748 0 2.0 2.0 1066 165 10%
c s 287.13 3.6 1.0 7 0 20748 0 2.0 2.0 1053 164 10%
c s 287.13 3.6 1.0 7 0 20748 0 2.0 2.0 1040 163 10%
c s 287.13 3.6 1.0 7 0 20748 0 2.0 2.0 1027 162 10%
c s 287.13 3.6 1.0 7 0 20748 0 2.0 2.0 1014 161 10%
c s 287.13 3.6 1.0 7 0 20748 0 2.0 2.0 1001 160 10%
c s 287.13 3.6 1.0 7 0 20748 0 2.0 2.0 988 159 10%
c s 287.14 3.6 1.0 7 0 20748 0 2.0 2.0 975 158 10%
c s 287.14 3.6 1.0 7 0 20748 0 2.0 2.0 962 157 10%
c s 287.14 3.6 1.0 7 0 20748 0 2.0 2.0 949 156 10%
c s 287.18 3.6 1.0 7 0 20759 0 2.0 2.0 937 155 9%
c s 287.22 3.6 1.0 7 0 20770 0 2.0 2.0 926 154 9%
c s 287.27 3.6 1.0 7 0 20781 0 2.0 2.0 916 153 9%
c s 287.31 3.6 1.0 7 0 20792 0 2.0 2.0 907 152 9%
c s 287.35 3.6 1.0 7 0 20803 0 2.0 2.0 899 151 9%
c s 287.40 3.6 1.0 7 0 20814 0 2.0 2.0 892 150 9%
c s 287.44 3.6 1.0 7 0 20825 0 2.0 2.0 886 149 9%
c s 287.48 3.6 1.0 7 0 20836 0 2.0 2.0 881 148 9%
c s 287.52 3.6 1.0 7 0 20847 0 2.0 2.0 877 147 9%
c
c     time      reduced  redundant irredundant
c         space  restarts     glue      variables
c             level  conflicts    size   remaining
c
c s 287.57 3.6 1.0 7 0 20858 0 2.0 2.0 874 146 9%
c s 287.61 3.6 1.0 7 0 20869 0 2.0 2.0 872 145 9%
c s 287.65 3.6 1.0 7 0 20880 0 2.0 2.0 871 144 9%
c s 287.65 3.6 1.0 7 0 20880 0 2.0 2.0 870 143 9%
c s 287.65 3.6 1.0 7 0 20880 0 2.0 2.0 858 142 9%
c s 287.65 3.6 1.0 7 0 20880 0 2.0 2.0 846 141 9%
c s 287.65 3.6 1.0 7 0 20880 0 2.0 2.0 834 140 9%
c s 287.65 3.6 1.0 7 0 20880 0 2.0 2.0 822 139 8%
c s 287.65 3.6 1.0 7 0 20880 0 2.0 2.0 810 138 8%
c s 287.65 3.6 1.0 7 0 20880 0 2.0 2.0 798 137 8%
c s 287.65 3.6 1.0 7 0 20880 0 2.0 2.0 786 136 8%
c s 287.65 3.6 1.0 7 0 20880 0 2.0 2.0 774 135 8%
c s 287.65 3.6 1.0 7 0 20880 0 2.0 2.0 762 134 8%
c s 287.66 3.6 1.0 7 0 20880 0 2.0 2.0 750 133 8%
c s 287.66 3.6 1.0 7 0 20880 0 2.0 2.0 738 132 8%
c s 287.69 3.6 1.0 7 0 20890 0 2.0 2.0 727 131 8%
c s 287.73 3.6 1.0 7 0 20900 0 2.0 2.0 717 130 8%
c s 287.77 3.6 1.0 7 0 20910 0 2.0 2.0 708 129 8%
c s 287.81 3.6 1.0 7 0 20920 0 2.0 2.0 700 128 8%
c s 287.85 3.6 1.0 7 0 20930 0 2.0 2.0 693 127 8%
c
c     time      reduced  redundant irredundant
c         space  restarts     glue      variables
c             level  conflicts    size   remaining
c
c s 287.88 3.6 1.0 7 0 20940 0 2.0 2.0 687 126 8%
c s 287.92 3.6 1.0 7 0 20950 0 2.0 2.0 682 125 8%
c s 287.96 3.6 1.0 7 0 20960 0 2.0 2.0 678 124 8%
c s 287.99 3.6 1.0 7 0 20970 0 2.0 2.0 675 123 8%
c s 288.03 3.6 1.0 7 0 20980 0 2.0 2.0 673 122 7%
c s 288.07 3.6 1.0 7 0 20990 0 2.0 2.0 672 121 7%
c s 288.07 3.6 1.0 7 0 20990 0 2.0 2.0 671 120 7%
c s 288.07 3.6 1.0 7 0 20990 0 2.0 2.0 660 119 7%
c s 288.07 3.6 1.0 7 0 20990 0 2.0 2.0 649 118 7%
c s 288.07 3.6 1.0 7 0 20990 0 2.0 2.0 638 117 7%
c s 288.07 3.6 1.0 7 0 20990 0 2.0 2.0 627 116 7%
c s 288.07 3.6 1.0 7 0 20990 0 2.0 2.0 616 115 7%
c s 288.07 3.6 1.0 7 0 20990 0 2.0 2.0 605 114 7%
c s 288.07 3.6 1.0 7 0 20990 0 2.0 2.0 594 113 7%
c s 288.07 3.6 1.0 7 0 20990 0 2.0 2.0 583 112 7%
c s 288.07 3.6 1.0 7 0 20990 0 2.0 2.0 572 111 7%
c s 288.07 3.6 1.0 7 0 20990 0 2.0 2.0 561 110 7%
c s 288.11 3.6 1.0 7 0 20999 0 2.0 2.0 551 109 7%
c s 288.14 3.6 1.0 7 0 21008 0 2.0 2.0 542 108 7%
c s 288.17 3.6 1.0 7 0 21017 0 2.0 2.0 534 107 7%
c
c     time      reduced  redundant irredundant
c         space  restarts     glue      variables
c             level  conflicts    size   remaining
c
c s 288.21 3.6 1.0 7 0 21026 0 2.0 2.0 527 106 6%
c s 288.24 3.6 1.0 7 0 21035 0 2.0 2.0 521 105 6%
c s 288.27 3.6 1.0 7 0 21044 0 2.0 2.0 516 104 6%
c s 288.31 3.6 1.0 7 0 21053 0 2.0 2.0 512 103 6%
c s 288.34 3.6 1.0 7 0 21062 0 2.0 2.0 509 102 6%
c s 288.37 3.6 1.0 7 0 21071 0 2.0 2.0 507 101 6%
c s 288.41 3.6 1.0 7 0 21080 0 2.0 2.0 506 100 6%
c s 288.41 3.6 1.0 7 0 21080 0 2.0 2.0 505 99 6%
c s 288.41 3.6 1.0 7 0 21080 0 2.0 2.0 495 98 6%
c s 288.41 3.6 1.0 7 0 21080 0 2.0 2.0 485 97 6%
c s 288.41 3.6 1.0 7 0 21080 0 2.0 2.0 475 96 6%
c s 288.41 3.6 1.0 7 0 21080 0 2.0 2.0 465 95 6%
c s 288.41 3.6 1.0 7 0 21080 0 2.0 2.0 455 94 6%
c s 288.41 3.6 1.0 7 0 21080 0 2.0 2.0 445 93 6%
c s 288.41 3.6 1.0 7 0 21080 0 2.0 2.0 435 92 6%
c s 288.41 3.6 1.0 7 0 21080 0 2.0 2.0 425 91 6%
c s 288.41 3.6 1.0 7 0 21080 0 2.0 2.0 415 90 5%
c s 288.44 3.6 1.0 7 0 21088 0 2.0 2.0 406 89 5%
c s 288.47 3.6 1.0 7 0 21096 0 2.0 2.0 398 88 5%
c s 288.50 3.6 1.0 7 0 21104 0 2.0 2.0 391 87 5%
c
c     time      reduced  redundant irredundant
c         space  restarts     glue     variables
c             level  conflicts    size  remaining
c
c s 288.52 3.6 1.0 7 0 21112 0 2.0 2.0 385 86 5%
c s 288.55 3.6 1.0 7 0 21120 0 2.0 2.0 380 85 5%
c s 288.58 3.6 1.0 7 0 21128 0 2.0 2.0 376 84 5%
c s 288.60 3.6 1.0 7 0 21136 0 2.0 2.0 373 83 5%
c s 288.63 3.6 1.0 7 0 21144 0 2.0 2.0 371 82 5%
c s 288.66 3.6 1.0 7 0 21152 0 2.0 2.0 370 81 5%
c s 288.66 3.6 1.0 7 0 21152 0 2.0 2.0 369 80 5%
c s 288.66 3.6 1.0 7 0 21152 0 2.0 2.0 360 79 5%
c s 288.66 3.6 1.0 7 0 21152 0 2.0 2.0 351 78 5%
c s 288.66 3.6 1.0 7 0 21152 0 2.0 2.0 342 77 5%
c s 288.66 3.6 1.0 7 0 21152 0 2.0 2.0 333 76 5%
c s 288.66 3.6 1.0 7 0 21152 0 2.0 2.0 324 75 5%
c s 288.66 3.6 1.0 7 0 21152 0 2.0 2.0 315 74 5%
c s 288.66 3.6 1.0 7 0 21152 0 2.0 2.0 306 73 4%
c s 288.66 3.6 1.0 7 0 21152 0 2.0 2.0 297 72 4%
c s 288.68 3.6 1.0 7 0 21159 0 2.0 2.0 289 71 4%
c s 288.71 3.6 1.0 7 0 21166 0 2.0 2.0 282 70 4%
c s 288.73 3.6 1.0 7 0 21173 0 2.0 2.0 276 69 4%
c s 288.76 3.6 1.0 7 0 21180 0 2.0 2.0 271 68 4%
c s 288.78 3.6 1.0 7 0 21187 0 2.0 2.0 267 67 4%
c
c     time      reduced  redundant irredundant
c         space  restarts     glue     variables
c             level  conflicts    size  remaining
c
c s 288.81 3.6 1.0 7 0 21194 0 2.0 2.0 264 66 4%
c s 288.83 3.6 1.0 7 0 21201 0 2.0 2.0 262 65 4%
c s 288.86 3.6 1.0 7 0 21208 0 2.0 2.0 261 64 4%
c s 288.86 3.6 1.0 7 0 21208 0 2.0 2.0 260 63 4%
c s 288.86 3.6 1.0 7 0 21208 0 2.0 2.0 252 62 4%
c s 288.86 3.6 1.0 7 0 21208 0 2.0 2.0 244 61 4%
c s 288.86 3.6 1.0 7 0 21208 0 2.0 2.0 236 60 4%
c s 288.86 3.6 1.0 7 0 21208 0 2.0 2.0 228 59 4%
c s 288.86 3.6 1.0 7 0 21208 0 2.0 2.0 220 58 4%
c s 288.86 3.6 1.0 7 0 21208 0 2.0 2.0 212 57 3%
c s 288.86 3.6 1.0 7 0 21208 0 2.0 2.0 204 56 3%
c s 288.88 3.6 1.0 7 0 21214 0 2.0 2.0 197 55 3%
c s 288.90 3.6 1.0 7 0 21220 0 2.0 2.0 191 54 3%
c s 288.92 3.6 1.0 7 0 21226 0 2.0 2.0 186 53 3%
c s 288.94 3.6 1.0 7 0 21232 0 2.0 2.0 182 52 3%
c s 288.96 3.6 1.0 7 0 21238 0 2.0 2.0 179 51 3%
c s 288.98 3.6 1.0 7 0 21244 0 2.0 2.0 177 50 3%
c s 289.00 3.6 1.0 7 0 21250 0 2.0 2.0 176 49 3%
c s 289.00 3.6 1.0 7 0 21250 0 2.0 2.0 175 48 3%
c s 289.00 3.6 1.0 7 0 21250 0 2.0 2.0 168 47 3%
c
c     time      reduced  redundant irredundant
c         space  restarts     glue     variables
c             level  conflicts    size  remaining
c
c s 289.00 3.6 1.0 7 0 21250 0 2.0 2.0 161 46 3%
c s 289.00 3.6 1.0 7 0 21250 0 2.0 2.0 154 45 3%
c s 289.00 3.6 1.0 7 0 21250 0 2.0 2.0 147 44 3%
c s 289.00 3.6 1.0 7 0 21250 0 2.0 2.0 140 43 3%
c s 289.00 3.6 1.0 7 0 21250 0 2.0 2.0 133 42 3%
c s 289.02 3.6 1.0 7 0 21255 0 2.0 2.0 127 41 2%
c s 289.04 3.6 1.0 7 0 21260 0 2.0 2.0 122 40 2%
c s 289.05 3.6 1.0 7 0 21265 0 2.0 2.0 118 39 2%
c s 289.07 3.6 1.0 7 0 21270 0 2.0 2.0 115 38 2%
c s 289.09 3.6 1.0 7 0 21275 0 2.0 2.0 113 37 2%
c s 289.10 3.6 1.0 7 0 21280 0 2.0 2.0 112 36 2%
c s 289.10 3.6 1.0 7 0 21280 0 2.0 2.0 111 35 2%
c s 289.10 3.6 1.0 7 0 21280 0 2.0 2.0 105 34 2%
c s 289.10 3.6 1.0 7 0 21280 0 2.0 2.0 99 33 2%
c s 289.10 3.6 1.0 7 0 21280 0 2.0 2.0 93 32 2%
c s 289.10 3.6 1.0 7 0 21280 0 2.0 2.0 87 31 2%
c s 289.10 3.6 1.0 7 0 21280 0 2.0 2.0 81 30 2%
c s 289.12 3.6 1.0 7 0 21284 0 2.0 2.0 76 29 2%
c s 289.13 3.6 1.0 7 0 21288 0 2.0 2.0 72 28 2%
c s 289.15 3.6 1.0 7 0 21292 0 2.0 2.0 69 27 2%
c
c     time      reduced  redundant irredundant
c         space  restarts     glue    variables
c             level  conflicts    size remaining
c
c s 289.16 3.6 1.0 7 0 21296 0 2.0 2.0 67 26 2%
c s 289.17 3.6 1.0 7 0 21300 0 2.0 2.0 66 25 2%
c s 289.17 3.6 1.0 7 0 21300 0 2.0 2.0 65 24 1%
c s 289.17 3.6 1.0 7 0 21300 0 2.0 2.0 60 23 1%
c s 289.17 3.6 1.0 7 0 21300 0 2.0 2.0 55 22 1%
c s 289.18 3.6 1.0 7 0 21300 0 2.0 2.0 50 21 1%
c s 289.18 3.6 1.0 7 0 21300 0 2.0 2.0 45 20 1%
c s 289.18 3.6 1.0 7 0 21315 0 2.0 2.0 41 19 1%
c s 289.19 3.6 1.0 7 0 21330 0 2.0 2.0 38 18 1%
c s 289.20 3.6 1.0 7 0 21345 0 2.0 2.0 36 17 1%
c s 289.21 3.6 1.0 7 0 21360 0 2.0 2.0 35 16 1%
c s 289.21 3.6 1.0 7 0 21360 0 2.0 2.0 34 15 1%
c s 289.21 3.6 1.0 7 0 21360 0 2.0 2.0 30 14 1%
c s 289.22 3.6 1.0 7 0 21360 0 2.0 2.0 26 13 1%
c s 289.22 3.6 1.0 7 0 21360 0 2.0 2.0 22 12 1%
c s 289.22 3.6 1.0 7 0 21362 1 2.0 2.0 19 11 1%
c s 289.22 3.6 1.0 7 0 21363 1 2.0 2.0 16 10 1%
c s 289.22 3.6 1.0 7 0 21364 1 2.0 2.0 14 9 1%
c s 289.22 3.6 1.0 7 0 21365 1 2.0 2.0 12 8 0%
c 0 289.22 3.6 1.0 7 0 21367 1 2.0 2.0 12 0 0%
c
s UNSATISFIABLE
c
c simplifications:          1632          13  conflicts/simplification  100%
c reductions:                  7        3052  conflicts/reduction       100%
c restarts:                    0           0  conflicts/restart         100%
c conflicts:               21367          74  conflicts/sec              51%
c decisions:               21318          74  decisions/sec              34%
c propagations:        337692074         1.2  millions/sec               99%
c
c pure:                      814           4% of look-aheads
c look-ahead:              22132         104% of outer decisions         35%
c pruned:                  21312         100% of outer conflicts         51%
c generated reducts:       41811          51% satisfiable
c average size:              598           7% of all clauses
c pruning failed:          20499          49% per reduct
c filter checks:         9966506          40% of outer satisfied clauses
c average filtered:          0.0           0% per reduct
c assumed literals:     11423234         1.1  per filter check
c
c collected clauses:        1.63 MB      100% of allocated clauses        0%
c allocated clauses:        1.63 MB        1% of allocated memory         0%
c maximum heap:             3.46 MB       59% of resident set size       95%
c
c looking:                 16.10 sec       6% of process time
c filtering:              130.69 sec      45% of process time
c pruning:                270.02 sec      93% of process time
c simplifying:              1.97 sec       1% of process time
c
c resident set size:        5.86 MB
c total process time:     289.22 sec
RC=0
